warning: unused import: `IpcReceiver`
  --> components\shared\script\lib.rs:39:24
   |
39 | use ipc_channel::ipc::{IpcReceiver, IpcSender};
   |                        ^^^^^^^^^^^
   |
   = note: `#[warn(unused_imports)]` (part of `#[warn(unused)]`) on by default

warning: `script_traits` (lib) generated 1 warning (run `cargo fix --lib -p script_traits` to apply 1 suggestion)
warning: script_bindings@0.0.1: Building script_bindings for Boa - skipping SpiderMonkey codegen
warning: type `Dispatchable_MaybeShuttingDown` should have an upper camel case name
   --> components\boa_bindings\js_compat\jsapi.rs:646:10
    |
646 | pub type Dispatchable_MaybeShuttingDown = u32;
    |          ^^^^^^^^^^^^^^^^^^^^^^^^^^^^^^ help: convert the identifier to upper camel case: `DispatchableMaybeShuttingDown`
    |
    = note: `#[warn(non_camel_case_types)]` (part of `#[warn(nonstandard_style)]`) on by default

warning: variant `SCTAG_TMO_UNFILLED` should have an upper camel case name
   --> components\boa_bindings\js_compat\jsapi.rs:961:5
    |
961 |     SCTAG_TMO_UNFILLED = 0,
    |     ^^^^^^^^^^^^^^^^^^ help: convert the identifier to upper camel case: `SctagTmoUnfilled`

warning: variant `SCTAG_TMO_UNOWNED` should have an upper camel case name
   --> components\boa_bindings\js_compat\jsapi.rs:962:5
    |
962 |     SCTAG_TMO_UNOWNED = 1,
    |     ^^^^^^^^^^^^^^^^^ help: convert the identifier to upper camel case: `SctagTmoUnowned`

warning: variant `SCTAG_TMO_ALLOC_DATA` should have an upper camel case name
   --> components\boa_bindings\js_compat\jsapi.rs:963:5
    |
963 |     SCTAG_TMO_ALLOC_DATA = 2,
    |     ^^^^^^^^^^^^^^^^^^^^ help: convert the identifier to upper camel case: `SctagTmoAllocData`

warning: variant `SCTAG_TMO_MAPPED_DATA` should have an upper camel case name
   --> components\boa_bindings\js_compat\jsapi.rs:964:5
    |
964 |     SCTAG_TMO_MAPPED_DATA = 3,
    |     ^^^^^^^^^^^^^^^^^^^^^ help: convert the identifier to upper camel case: `SctagTmoMappedData`

warning: variant `SCTAG_TMO_CUSTOM` should have an upper camel case name
   --> components\boa_bindings\js_compat\jsapi.rs:965:5
    |
965 |     SCTAG_TMO_CUSTOM = 4,
    |     ^^^^^^^^^^^^^^^^ help: convert the identifier to upper camel case: `SctagTmoCustom`

warning: variant `SCTAG_TMO_USER_MIN` should have an upper camel case name
   --> components\boa_bindings\js_compat\jsapi.rs:966:5
    |
966 |     SCTAG_TMO_USER_MIN = 5,
    |     ^^^^^^^^^^^^^^^^^^ help: convert the identifier to upper camel case: `SctagTmoUserMin`

warning: variant `JSTYPE_UNDEFINED` should have an upper camel case name
    --> components\boa_bindings\js_compat\jsapi.rs:1457:5
     |
1457 |     JSTYPE_UNDEFINED = 0,
     |     ^^^^^^^^^^^^^^^^ help: convert the identifier to upper camel case: `JstypeUndefined`

warning: variant `JSTYPE_OBJECT` should have an upper camel case name
    --> components\boa_bindings\js_compat\jsapi.rs:1458:5
     |
1458 |     JSTYPE_OBJECT = 1,
     |     ^^^^^^^^^^^^^ help: convert the identifier to upper camel case: `JstypeObject`

warning: variant `JSTYPE_FUNCTION` should have an upper camel case name
    --> components\boa_bindings\js_compat\jsapi.rs:1459:5
     |
1459 |     JSTYPE_FUNCTION = 2,
     |     ^^^^^^^^^^^^^^^ help: convert the identifier to upper camel case: `JstypeFunction`

warning: variant `JSTYPE_STRING` should have an upper camel case name
    --> components\boa_bindings\js_compat\jsapi.rs:1460:5
     |
1460 |     JSTYPE_STRING = 3,
     |     ^^^^^^^^^^^^^ help: convert the identifier to upper camel case: `JstypeString`

warning: variant `JSTYPE_NUMBER` should have an upper camel case name
    --> components\boa_bindings\js_compat\jsapi.rs:1461:5
     |
1461 |     JSTYPE_NUMBER = 4,
     |     ^^^^^^^^^^^^^ help: convert the identifier to upper camel case: `JstypeNumber`

warning: variant `JSTYPE_BOOLEAN` should have an upper camel case name
    --> components\boa_bindings\js_compat\jsapi.rs:1462:5
     |
1462 |     JSTYPE_BOOLEAN = 5,
     |     ^^^^^^^^^^^^^^ help: convert the identifier to upper camel case: `JstypeBoolean`

warning: variant `JSTYPE_NULL` should have an upper camel case name
    --> components\boa_bindings\js_compat\jsapi.rs:1463:5
     |
1463 |     JSTYPE_NULL = 6,
     |     ^^^^^^^^^^^ help: convert the identifier to upper camel case: `JstypeNull`

warning: variant `JSTYPE_SYMBOL` should have an upper camel case name
    --> components\boa_bindings\js_compat\jsapi.rs:1464:5
     |
1464 |     JSTYPE_SYMBOL = 7,
     |     ^^^^^^^^^^^^^ help: convert the identifier to upper camel case: `JstypeSymbol`

warning: variant `JSTYPE_BIGINT` should have an upper camel case name
    --> components\boa_bindings\js_compat\jsapi.rs:1465:5
     |
1465 |     JSTYPE_BIGINT = 8,
     |     ^^^^^^^^^^^^^ help: convert the identifier to upper camel case: `JstypeBigint`

warning: type `JSPropertySpec_ValueWrapper_Type` should have an upper camel case name
    --> components\boa_bindings\js_compat\jsapi.rs:2026:10
     |
2026 | pub enum JSPropertySpec_ValueWrapper_Type {
     |          ^^^^^^^^^^^^^^^^^^^^^^^^^^^^^^^^ help: convert the identifier to upper camel case: `JspropertySpecValueWrapperType`

warning: type `JSJitInfo__bindgen_ty_2` should have an upper camel case name
    --> components\boa_bindings\js_compat\jsapi.rs:2305:10
     |
2305 | pub enum JSJitInfo__bindgen_ty_2 {
     |          ^^^^^^^^^^^^^^^^^^^^^^^ help: convert the identifier to upper camel case: `JsjitInfoBindgenTy2`

warning: type `JSJitInfo__bindgen_ty_3` should have an upper camel case name
    --> components\boa_bindings\js_compat\jsapi.rs:2315:10
     |
2315 | pub enum JSJitInfo__bindgen_ty_3 {
     |          ^^^^^^^^^^^^^^^^^^^^^^^ help: convert the identifier to upper camel case: `JsjitInfoBindgenTy3`

warning: variant `JSVAL_TYPE_DOUBLE` should have an upper camel case name
    --> components\boa_bindings\js_compat\jsapi.rs:2316:5
     |
2316 |     JSVAL_TYPE_DOUBLE = 0,
     |     ^^^^^^^^^^^^^^^^^ help: convert the identifier to upper camel case: `JsvalTypeDouble`

warning: variant `JSVAL_TYPE_INT32` should have an upper camel case name
    --> components\boa_bindings\js_compat\jsapi.rs:2317:5
     |
2317 |     JSVAL_TYPE_INT32 = 1,
     |     ^^^^^^^^^^^^^^^^ help: convert the identifier to upper camel case: `JsvalTypeInt32`

warning: variant `JSVAL_TYPE_BOOLEAN` should have an upper camel case name
    --> components\boa_bindings\js_compat\jsapi.rs:2318:5
     |
2318 |     JSVAL_TYPE_BOOLEAN = 2,
     |     ^^^^^^^^^^^^^^^^^^ help: convert the identifier to upper camel case: `JsvalTypeBoolean`

warning: variant `JSVAL_TYPE_UNDEFINED` should have an upper camel case name
    --> components\boa_bindings\js_compat\jsapi.rs:2319:5
     |
2319 |     JSVAL_TYPE_UNDEFINED = 3,
     |     ^^^^^^^^^^^^^^^^^^^^ help: convert the identifier to upper camel case: `JsvalTypeUndefined`

warning: variant `JSVAL_TYPE_NULL` should have an upper camel case name
    --> components\boa_bindings\js_compat\jsapi.rs:2320:5
     |
2320 |     JSVAL_TYPE_NULL = 4,
     |     ^^^^^^^^^^^^^^^ help: convert the identifier to upper camel case: `JsvalTypeNull`

warning: variant `JSVAL_TYPE_STRING` should have an upper camel case name
    --> components\boa_bindings\js_compat\jsapi.rs:2321:5
     |
2321 |     JSVAL_TYPE_STRING = 5,
     |     ^^^^^^^^^^^^^^^^^ help: convert the identifier to upper camel case: `JsvalTypeString`

warning: variant `JSVAL_TYPE_SYMBOL` should have an upper camel case name
    --> components\boa_bindings\js_compat\jsapi.rs:2322:5
     |
2322 |     JSVAL_TYPE_SYMBOL = 6,
     |     ^^^^^^^^^^^^^^^^^ help: convert the identifier to upper camel case: `JsvalTypeSymbol`

warning: variant `JSVAL_TYPE_OBJECT` should have an upper camel case name
    --> components\boa_bindings\js_compat\jsapi.rs:2323:5
     |
2323 |     JSVAL_TYPE_OBJECT = 7,
     |     ^^^^^^^^^^^^^^^^^ help: convert the identifier to upper camel case: `JsvalTypeObject`

warning: variant `JSVAL_TYPE_UNKNOWN` should have an upper camel case name
    --> components\boa_bindings\js_compat\jsapi.rs:2324:5
     |
2324 |     JSVAL_TYPE_UNKNOWN = 8,
     |     ^^^^^^^^^^^^^^^^^^ help: convert the identifier to upper camel case: `JsvalTypeUnknown`

warning: type `JSJitInfo_ArgType` should have an upper camel case name
    --> components\boa_bindings\js_compat\jsapi.rs:2370:10
     |
2370 | pub enum JSJitInfo_ArgType {
     |          ^^^^^^^^^^^^^^^^^ help: convert the identifier to upper camel case: `JsjitInfoArgType`

warning: type `JSJitInfo_OpType` should have an upper camel case name
    --> components\boa_bindings\js_compat\jsapi.rs:2383:10
     |
2383 | pub enum JSJitInfo_OpType {
     |          ^^^^^^^^^^^^^^^^ help: convert the identifier to upper camel case: `JsjitInfoOpType`

warning: type `JSJitInfo_AliasSet` should have an upper camel case name
    --> components\boa_bindings\js_compat\jsapi.rs:2393:10
     |
2393 | pub enum JSJitInfo_AliasSet {
     |          ^^^^^^^^^^^^^^^^^^ help: convert the identifier to upper camel case: `JsjitInfoAliasSet`

warning: variant `JSVAL_TYPE_DOUBLE` should have an upper camel case name
    --> components\boa_bindings\js_compat\jsapi.rs:2407:5
     |
2407 |     JSVAL_TYPE_DOUBLE = 0x00,
     |     ^^^^^^^^^^^^^^^^^ help: convert the identifier to upper camel case: `JsvalTypeDouble`

warning: variant `JSVAL_TYPE_INT32` should have an upper camel case name
    --> components\boa_bindings\js_compat\jsapi.rs:2408:5
     |
2408 |     JSVAL_TYPE_INT32 = 0x01,
     |     ^^^^^^^^^^^^^^^^ help: convert the identifier to upper camel case: `JsvalTypeInt32`

warning: variant `JSVAL_TYPE_BOOLEAN` should have an upper camel case name
    --> components\boa_bindings\js_compat\jsapi.rs:2409:5
     |
2409 |     JSVAL_TYPE_BOOLEAN = 0x02,
     |     ^^^^^^^^^^^^^^^^^^ help: convert the identifier to upper camel case: `JsvalTypeBoolean`

warning: variant `JSVAL_TYPE_UNDEFINED` should have an upper camel case name
    --> components\boa_bindings\js_compat\jsapi.rs:2410:5
     |
2410 |     JSVAL_TYPE_UNDEFINED = 0x03,
     |     ^^^^^^^^^^^^^^^^^^^^ help: convert the identifier to upper camel case: `JsvalTypeUndefined`

warning: variant `JSVAL_TYPE_NULL` should have an upper camel case name
    --> components\boa_bindings\js_compat\jsapi.rs:2411:5
     |
2411 |     JSVAL_TYPE_NULL = 0x04,
     |     ^^^^^^^^^^^^^^^ help: convert the identifier to upper camel case: `JsvalTypeNull`

warning: variant `JSVAL_TYPE_MAGIC` should have an upper camel case name
    --> components\boa_bindings\js_compat\jsapi.rs:2412:5
     |
2412 |     JSVAL_TYPE_MAGIC = 0x05,
     |     ^^^^^^^^^^^^^^^^ help: convert the identifier to upper camel case: `JsvalTypeMagic`

warning: variant `JSVAL_TYPE_STRING` should have an upper camel case name
    --> components\boa_bindings\js_compat\jsapi.rs:2413:5
     |
2413 |     JSVAL_TYPE_STRING = 0x06,
     |     ^^^^^^^^^^^^^^^^^ help: convert the identifier to upper camel case: `JsvalTypeString`

warning: variant `JSVAL_TYPE_SYMBOL` should have an upper camel case name
    --> components\boa_bindings\js_compat\jsapi.rs:2414:5
     |
2414 |     JSVAL_TYPE_SYMBOL = 0x07,
     |     ^^^^^^^^^^^^^^^^^ help: convert the identifier to upper camel case: `JsvalTypeSymbol`

warning: variant `JSVAL_TYPE_PRIVATE_GCTHING` should have an upper camel case name
    --> components\boa_bindings\js_compat\jsapi.rs:2415:5
     |
2415 |     JSVAL_TYPE_PRIVATE_GCTHING = 0x08,
     |     ^^^^^^^^^^^^^^^^^^^^^^^^^^ help: convert the identifier to upper camel case: `JsvalTypePrivateGcthing`

warning: variant `JSVAL_TYPE_BIGINT` should have an upper camel case name
    --> components\boa_bindings\js_compat\jsapi.rs:2416:5
     |
2416 |     JSVAL_TYPE_BIGINT = 0x09,
     |     ^^^^^^^^^^^^^^^^^ help: convert the identifier to upper camel case: `JsvalTypeBigint`

warning: variant `JSVAL_TYPE_OBJECT` should have an upper camel case name
    --> components\boa_bindings\js_compat\jsapi.rs:2417:5
     |
2417 |     JSVAL_TYPE_OBJECT = 0x0c,
     |     ^^^^^^^^^^^^^^^^^ help: convert the identifier to upper camel case: `JsvalTypeObject`

warning: variant `JSVAL_TYPE_UNKNOWN` should have an upper camel case name
    --> components\boa_bindings\js_compat\jsapi.rs:2418:5
     |
2418 |     JSVAL_TYPE_UNKNOWN = 0x20,
     |     ^^^^^^^^^^^^^^^^^^ help: convert the identifier to upper camel case: `JsvalTypeUnknown`

warning: type `JSPropertySpec_Kind` should have an upper camel case name
    --> components\boa_bindings\js_compat\jsapi.rs:2545:10
     |
2545 | pub enum JSPropertySpec_Kind {
     |          ^^^^^^^^^^^^^^^^^^^ help: convert the identifier to upper camel case: `JspropertySpecKind`

warning: ambiguous glob re-exports
    --> components\boa_bindings\js_compat\jsapi.rs:2945:13
     |
2945 |     pub use super::super::glue::*;
     |             ^^^^^^^^^^^^^^^^^^^^^ the name `GetNonCCWObjectGlobal` in the value namespace is first re-exported here
2946 |     use super::*;
     |         -------- but the name `GetNonCCWObjectGlobal` in the value namespace is also re-exported here
     |
     = note: `#[warn(ambiguous_glob_reexports)]` on by default

warning: ambiguous glob re-exports
    --> components\boa_bindings\js_compat\jsapi.rs:2945:13
     |
2945 |     pub use super::super::glue::*;
     |             ^^^^^^^^^^^^^^^^^^^^^ the name `PropertyKey` in the type namespace is first re-exported here
2946 |     use super::*;
     |         -------- but the name `PropertyKey` in the type namespace is also re-exported here

warning: ambiguous glob re-exports
    --> components\boa_bindings\js_compat\jsapi.rs:2945:13
     |
2945 |     pub use super::super::glue::*;
     |             ^^^^^^^^^^^^^^^^^^^^^ the name `HandleId` in the type namespace is first re-exported here
2946 |     use super::*;
     |         -------- but the name `HandleId` in the type namespace is also re-exported here

warning: ambiguous glob re-exports
    --> components\boa_bindings\js_compat\jsapi.rs:2945:13
     |
2945 |     pub use super::super::glue::*;
     |             ^^^^^^^^^^^^^^^^^^^^^ the name `MutableHandleId` in the type namespace is first re-exported here
2946 |     use super::*;
     |         -------- but the name `MutableHandleId` in the type namespace is also re-exported here

warning: ambiguous glob re-exports
    --> components\boa_bindings\js_compat\jsapi.rs:2945:13
     |
2945 |     pub use super::super::glue::*;
     |             ^^^^^^^^^^^^^^^^^^^^^ the name `GCDescription` in the type namespace is first re-exported here
2946 |     use super::*;
     |         -------- but the name `GCDescription` in the type namespace is also re-exported here

warning: ambiguous glob re-exports
    --> components\boa_bindings\js_compat\jsapi.rs:2945:13
     |
2945 |     pub use super::super::glue::*;
     |             ^^^^^^^^^^^^^^^^^^^^^ the name `GCOptions` in the type namespace is first re-exported here
2946 |     use super::*;
     |         -------- but the name `GCOptions` in the type namespace is also re-exported here

warning: ambiguous glob re-exports
    --> components\boa_bindings\js_compat\jsapi.rs:2945:13
     |
2945 |     pub use super::super::glue::*;
     |             ^^^^^^^^^^^^^^^^^^^^^ the name `JS_GetLatin1StringCharsAndLength` in the value namespace is first re-exported here
2946 |     use super::*;
     |         -------- but the name `JS_GetLatin1StringCharsAndLength` in the value namespace is also re-exported here

warning: ambiguous glob re-exports
    --> components\boa_bindings\js_compat\jsapi.rs:2945:13
     |
2945 |     pub use super::super::glue::*;
     |             ^^^^^^^^^^^^^^^^^^^^^ the name `JS_GetTwoByteStringCharsAndLength` in the value namespace is first re-exported here
2946 |     use super::*;
     |         -------- but the name `JS_GetTwoByteStringCharsAndLength` in the value namespace is also re-exported here

warning: ambiguous glob re-exports
    --> components\boa_bindings\js_compat\jsapi.rs:2945:13
     |
2945 |     pub use super::super::glue::*;
     |             ^^^^^^^^^^^^^^^^^^^^^ the name `JS_GetStringLength` in the value namespace is first re-exported here
2946 |     use super::*;
     |         -------- but the name `JS_GetStringLength` in the value namespace is also re-exported here

warning: ambiguous glob re-exports
    --> components\boa_bindings\js_compat\jsapi.rs:2945:13
     |
2945 |     pub use super::super::glue::*;
     |             ^^^^^^^^^^^^^^^^^^^^^ the name `JS_NewStringCopyN` in the value namespace is first re-exported here
2946 |     use super::*;
     |         -------- but the name `JS_NewStringCopyN` in the value namespace is also re-exported here

warning: ambiguous glob re-exports
    --> components\boa_bindings\js_compat\jsapi.rs:2945:13
     |
2945 |     pub use super::super::glue::*;
     |             ^^^^^^^^^^^^^^^^^^^^^ the name `JS_AtomizeAndPinString` in the value namespace is first re-exported here
2946 |     use super::*;
     |         -------- but the name `JS_AtomizeAndPinString` in the value namespace is also re-exported here

warning: ambiguous glob re-exports
    --> components\boa_bindings\js_compat\jsapi.rs:2945:13
     |
2945 |     pub use super::super::glue::*;
     |             ^^^^^^^^^^^^^^^^^^^^^ the name `GetWellKnownSymbol` in the value namespace is first re-exported here
2946 |     use super::*;
     |         -------- but the name `GetWellKnownSymbol` in the value namespace is also re-exported here

warning: ambiguous glob re-exports
    --> components\boa_bindings\js_compat\jsapi.rs:2945:13
     |
2945 |     pub use super::super::glue::*;
     |             ^^^^^^^^^^^^^^^^^^^^^ the name `JSJitInfo` in the type namespace is first re-exported here
2946 |     use super::*;
     |         -------- but the name `JSJitInfo` in the type namespace is also re-exported here

warning: unused import: `DerefMut`
 --> components\boa_bindings\js_compat\rust.rs:9:23
  |
9 | use std::ops::{Deref, DerefMut};
  |                       ^^^^^^^^
  |
  = note: `#[warn(unused_imports)]` (part of `#[warn(unused)]`) on by default

warning: unused imports: `Handle as RawHandle`, `JSContext`, and `MutableHandle as RawMutableHandle`
  --> components\boa_bindings\js_compat\rust.rs:14:15
   |
14 |     JSObject, JSContext, RawJSContext, JSString, JSTracer, Value, JSClass,
   |               ^^^^^^^^^
15 |     Handle as RawHandle, MutableHandle as RawMutableHandle,
   |     ^^^^^^^^^^^^^^^^^^^  ^^^^^^^^^^^^^^^^^^^^^^^^^^^^^^^^^

warning: unused import: `Ordering`
   --> components\boa_bindings\js_compat\rust.rs:160:44
    |
160 |         use std::sync::atomic::{AtomicPtr, Ordering};
    |                                            ^^^^^^^^

warning: unused import: `PropertyKey`
  --> components\boa_bindings\js_compat\gc.rs:11:45
   |
11 | use super::glue::{PropertyDescriptor, jsid, PropertyKey};
   |                                             ^^^^^^^^^^^

warning: unused imports: `BuildHasher` and `Hash`
   --> components\boa_bindings\js_compat\gc.rs:576:17
    |
576 | use std::hash::{BuildHasher, Hash};
    |                 ^^^^^^^^^^^  ^^^^

warning: unused import: `std::marker::PhantomData`
 --> components\boa_bindings\js_compat\typedarray.rs:8:5
  |
8 | use std::marker::PhantomData;
  |     ^^^^^^^^^^^^^^^^^^^^^^^^

warning: unused imports: `DerefMut` and `Deref`
 --> components\boa_bindings\js_compat\typedarray.rs:9:16
  |
9 | use std::ops::{Deref, DerefMut};
  |                ^^^^^  ^^^^^^^^

warning: unused imports: `JSContext` and `Value`
  --> components\boa_bindings\js_compat\typedarray.rs:11:20
   |
11 | use super::jsapi::{JSContext, RawJSContext, JSObject, Value};
   |                    ^^^^^^^^^                          ^^^^^

warning: unused imports: `HandleValue`, `Handle`, and `MutableHandle`
  --> components\boa_bindings\js_compat\typedarray.rs:12:19
   |
12 | use super::rust::{Handle, HandleObject, HandleValue, MutableHandle, MutableHandleObject};
   |                   ^^^^^^                ^^^^^^^^^^^  ^^^^^^^^^^^^^

warning: unused import: `std::ptr`
 --> components\boa_bindings\js_compat\conversions.rs:6:5
  |
6 | use std::ptr;
  |     ^^^^^^^^

warning: unused import: `RawJSContext`
 --> components\boa_bindings\js_compat\conversions.rs:9:31
  |
9 | use super::jsapi::{JSContext, RawJSContext, JSObject, JSString, Value};
  |                               ^^^^^^^^^^^^

warning: unused import: `JSContext`
 --> components\boa_bindings\js_compat\glue.rs:9:20
  |
9 | use super::jsapi::{JSContext, RawJSContext, JSObject, JSString, JSTracer, Value, JSClass, JSPrincipals};
  |                    ^^^^^^^^^

warning: type `jsid` should have an upper camel case name
  --> components\boa_bindings\js_compat\glue.rs:78:12
   |
78 | pub struct jsid {
   |            ^^^^ help: convert the identifier to upper camel case: `Jsid`

warning: unused import: `std::ptr`
 --> components\boa_bindings\js_compat\panic.rs:6:5
  |
6 | use std::ptr;
  |     ^^^^^^^^

warning: unused import: `AssertUnwindSafe`
 --> components\boa_bindings\js_compat\panic.rs:8:24
  |
8 | use std::panic::{self, AssertUnwindSafe, UnwindSafe};
  |                        ^^^^^^^^^^^^^^^^

warning: unused imports: `GcRefCell` and `Gc`
  --> components\boa_bindings\root.rs:12:31
   |
12 | use boa_gc::{Finalize, Trace, Gc, GcRefCell};
   |                               ^^  ^^^^^^^^^

warning: unused import: `Reflector`
  --> components\boa_bindings\root.rs:14:24
   |
14 | use super::reflector::{Reflector, DomObject, MutDomObject};
   |                        ^^^^^^^^^

warning: unused imports: `RootGuard`, `assert_not_in_gc`, `assert_rooted`, `gc_debug_enabled`, and `record_allocation`
  --> components\boa_bindings\root.rs:17:5
   |
17 |     assert_rooted, assert_not_in_gc, record_allocation, 
   |     ^^^^^^^^^^^^^  ^^^^^^^^^^^^^^^^  ^^^^^^^^^^^^^^^^^
18 |     RootGuard, gc_debug_enabled,
   |     ^^^^^^^^^  ^^^^^^^^^^^^^^^^

warning: unused import: `Dom`
  --> components\boa_bindings\weakref.rs:19:19
   |
19 | use crate::root::{Dom, DomRoot, assert_in_script};
   |                   ^^^

warning: unused imports: `WeakRefDebugInfo` and `is_in_finalize`
  --> components\boa_bindings\weakref.rs:21:23
   |
21 |     gc_debug_enabled, is_in_finalize, assert_finalize_order,
   |                       ^^^^^^^^^^^^^^
22 |     WeakRefState, WeakRefDebugInfo,
   |                   ^^^^^^^^^^^^^^^^

warning: unused import: `Reflector`
  --> components\boa_bindings\dom_conversions.rs:10:35
   |
10 | use crate::reflector::{DomObject, Reflector};
   |                                   ^^^^^^^^^

warning: unused variable: `s`
   --> components\boa_bindings\builtins\console.rs:234:46
    |
234 |             .and_then(|v| v.as_string().map(|s| {
    |                                              ^ help: if this is intentional, prefix it with an underscore: `_s`
    |
    = note: `#[warn(unused_variables)]` (part of `#[warn(unused)]`) on by default

warning: unused variable: `this`
    --> components\boa_bindings\builtins\fetch.rs:1788:66
     |
1788 |     let aborted_getter = NativeFunction::from_copy_closure(move |this, _args, _ctx| {
     |                                                                  ^^^^ help: if this is intentional, prefix it with an underscore: `_this`

warning[E0133]: dereference of raw pointer is unsafe and requires unsafe block
    --> components\boa_bindings\js_compat\jsapi.rs:1533:5
     |
1533 |     *_class = ESClass::Object;
     |     ^^^^^^^ dereference of raw pointer
     |
     = note: for more information, see <https://doc.rust-lang.org/edition-guide/rust-2024/unsafe-op-in-unsafe-fn.html>
     = note: raw pointers may be null, dangling or unaligned; they can violate aliasing rules and cause data races: all of these are undefined behavior
note: an unsafe function restricts its caller, but its body is safe by default
    --> components\boa_bindings\js_compat\jsapi.rs:1528:1
     |
1528 | / pub unsafe fn GetBuiltinClass(
1529 | |     _cx: *mut RawJSContext,
1530 | |     _obj: HandleObject<'_>,
1531 | |     _class: *mut ESClass,
1532 | | ) -> bool {
     | |_________^
     = note: `#[warn(unsafe_op_in_unsafe_fn)]` (part of `#[warn(rust_2024_compatibility)]`) on by default

warning[E0133]: dereference of raw pointer is unsafe and requires unsafe block
    --> components\boa_bindings\js_compat\jsapi.rs:1549:5
     |
1549 |     *_found = false;
     |     ^^^^^^^ dereference of raw pointer
     |
     = note: for more information, see <https://doc.rust-lang.org/edition-guide/rust-2024/unsafe-op-in-unsafe-fn.html>
     = note: raw pointers may be null, dangling or unaligned; they can violate aliasing rules and cause data races: all of these are undefined behavior
note: an unsafe function restricts its caller, but its body is safe by default
    --> components\boa_bindings\js_compat\jsapi.rs:1543:1
     |
1543 | / pub unsafe fn JS_HasOwnPropertyById(
1544 | |     _cx: *mut RawJSContext,
1545 | |     _obj: HandleObject<'_>,
1546 | |     _id: HandleId<'_>,
1547 | |     _found: *mut bool,
1548 | | ) -> bool {
     | |_________^

warning[E0133]: dereference of raw pointer is unsafe and requires unsafe block
    --> components\boa_bindings\js_compat\jsapi.rs:1798:5
     |
1798 |     *_is_none = true;
     |     ^^^^^^^^^ dereference of raw pointer
     |
     = note: for more information, see <https://doc.rust-lang.org/edition-guide/rust-2024/unsafe-op-in-unsafe-fn.html>
     = note: raw pointers may be null, dangling or unaligned; they can violate aliasing rules and cause data races: all of these are undefined behavior
note: an unsafe function restricts its caller, but its body is safe by default
    --> components\boa_bindings\js_compat\jsapi.rs:1791:1
     |
1791 | / pub unsafe fn JS_GetOwnPropertyDescriptorById(
1792 | |     _cx: *mut RawJSContext,
1793 | |     _obj: HandleObject<'_>,
1794 | |     _id: HandleId<'_>,
1795 | |     _desc: *mut super::glue::PropertyDescriptor,
1796 | |     _is_none: *mut bool,
1797 | | ) -> bool {
     | |_________^

warning[E0133]: dereference of raw pointer is unsafe and requires unsafe block
    --> components\boa_bindings\js_compat\jsapi.rs:1809:5
     |
1809 |     *_found = false;
     |     ^^^^^^^ dereference of raw pointer
     |
     = note: for more information, see <https://doc.rust-lang.org/edition-guide/rust-2024/unsafe-op-in-unsafe-fn.html>
     = note: raw pointers may be null, dangling or unaligned; they can violate aliasing rules and cause data races: all of these are undefined behavior
note: an unsafe function restricts its caller, but its body is safe by default
    --> components\boa_bindings\js_compat\jsapi.rs:1803:1
     |
1803 | / pub unsafe fn JS_HasPropertyById(
1804 | |     _cx: *mut RawJSContext,
1805 | |     _obj: HandleObject<'_>,
1806 | |     _id: HandleId<'_>,
1807 | |     _found: *mut bool,
1808 | | ) -> bool {
     | |_________^

warning: variable does not need to be mutable
    --> components\boa_bindings\js_compat\jsapi.rs:2267:13
     |
2267 |         let mut info = Self {
     |             ----^^^^
     |             |
     |             help: remove this `mut`
     |
     = note: `#[warn(unused_mut)]` (part of `#[warn(unused)]`) on by default

warning[E0133]: call to unsafe function `js_compat::rust::Handle::<'a, T>::from_raw` is unsafe and requires unsafe block
    --> components\boa_bindings\js_compat\jsapi.rs:2439:5
     |
2439 |     Handle::from_raw(&TRUE_VALUE)
     |     ^^^^^^^^^^^^^^^^^^^^^^^^^^^^^ call to unsafe function
     |
     = note: for more information, see <https://doc.rust-lang.org/edition-guide/rust-2024/unsafe-op-in-unsafe-fn.html>
     = note: consult the function's documentation for information on how to avoid undefined behavior
note: an unsafe function restricts its caller, but its body is safe by default
    --> components\boa_bindings\js_compat\jsapi.rs:2438:1
     |
2438 | pub unsafe fn TrueHandleValue() -> HandleValue<'static> {
     | ^^^^^^^^^^^^^^^^^^^^^^^^^^^^^^^^^^^^^^^^^^^^^^^^^^^^^^^

warning[E0133]: dereference of raw pointer is unsafe and requires unsafe block
    --> components\boa_bindings\js_compat\jsapi.rs:2915:9
     |
2915 |         *_succeeded = true;
     |         ^^^^^^^^^^^ dereference of raw pointer
     |
     = note: for more information, see <https://doc.rust-lang.org/edition-guide/rust-2024/unsafe-op-in-unsafe-fn.html>
     = note: raw pointers may be null, dangling or unaligned; they can violate aliasing rules and cause data races: all of these are undefined behavior
note: an unsafe function restricts its caller, but its body is safe by default
    --> components\boa_bindings\js_compat\jsapi.rs:2909:1
     |
2909 | / pub unsafe fn JS_SetImmutablePrototype(
2910 | |     _cx: *mut RawJSContext,
2911 | |     _obj: HandleObject<'_>,
2912 | |     _succeeded: *mut bool,
2913 | | ) -> bool {
     | |_________^

warning[E0133]: dereference of raw pointer is unsafe and requires unsafe block
    --> components\boa_bindings\js_compat\jsapi.rs:2957:13
     |
2957 |             *_is_none = true;
     |             ^^^^^^^^^ dereference of raw pointer
     |
     = note: for more information, see <https://doc.rust-lang.org/edition-guide/rust-2024/unsafe-op-in-unsafe-fn.html>
     = note: raw pointers may be null, dangling or unaligned; they can violate aliasing rules and cause data races: all of these are undefined behavior
note: an unsafe function restricts its caller, but its body is safe by default
    --> components\boa_bindings\js_compat\jsapi.rs:2949:5
     |
2949 | /     pub unsafe fn JS_GetOwnPropertyDescriptorById(
2950 | |         _cx: *mut RawJSContext,
2951 | |         _obj: HandleObject<'_>,
2952 | |         _id: super::super::glue::HandleId<'_>,
2953 | |         _desc: *mut super::super::glue::PropertyDescriptor,
2954 | |         _is_none: *mut bool,
2955 | |     ) -> bool {
     | |_____________^

warning[E0133]: dereference of raw pointer is unsafe and requires unsafe block
    --> components\boa_bindings\js_compat\rust.rs:1018:13
     |
1018 |             *_succeeded = true;
     |             ^^^^^^^^^^^ dereference of raw pointer
     |
     = note: for more information, see <https://doc.rust-lang.org/edition-guide/rust-2024/unsafe-op-in-unsafe-fn.html>
     = note: raw pointers may be null, dangling or unaligned; they can violate aliasing rules and cause data races: all of these are undefined behavior
note: an unsafe function restricts its caller, but its body is safe by default
    --> components\boa_bindings\js_compat\rust.rs:1012:5
     |
1012 | /     pub unsafe fn JS_SetImmutablePrototype(
1013 | |         _cx: *mut RawJSContext,
1014 | |         _obj: HandleObject<'_>,
1015 | |         _succeeded: *mut bool,
1016 | |     ) -> bool {
     | |_____________^

warning[E0133]: dereference of raw pointer is unsafe and requires unsafe block
    --> components\boa_bindings\js_compat\rust.rs:1172:13
     |
1172 |             *_found = false;
     |             ^^^^^^^ dereference of raw pointer
     |
     = note: for more information, see <https://doc.rust-lang.org/edition-guide/rust-2024/unsafe-op-in-unsafe-fn.html>
     = note: raw pointers may be null, dangling or unaligned; they can violate aliasing rules and cause data races: all of these are undefined behavior
note: an unsafe function restricts its caller, but its body is safe by default
    --> components\boa_bindings\js_compat\rust.rs:1165:5
     |
1165 | /     pub unsafe fn JS_AlreadyHasOwnPropertyById(
1166 | |         _cx: *mut RawJSContext,
1167 | |         _obj: HandleObject<'_>,
1168 | |         _id: super::super::glue::HandleId<'_>,
1169 | |         _found: *mut bool,
1170 | |     ) -> bool {
     | |_____________^

warning[E0133]: dereference of raw pointer is unsafe and requires unsafe block
    --> components\boa_bindings\js_compat\rust.rs:1186:13
     |
1186 |             (*ptr).value_ = *_value.ptr;
     |             ^^^^^^ dereference of raw pointer
     |
     = note: for more information, see <https://doc.rust-lang.org/edition-guide/rust-2024/unsafe-op-in-unsafe-fn.html>
     = note: raw pointers may be null, dangling or unaligned; they can violate aliasing rules and cause data races: all of these are undefined behavior
note: an unsafe function restricts its caller, but its body is safe by default
    --> components\boa_bindings\js_compat\rust.rs:1179:5
     |
1179 | /     pub unsafe fn SetDataPropertyDescriptor<T: IntoPropDescPtr>(
1180 | |         desc: T,
1181 | |         _value: HandleValue<'_>,
1182 | |         _attrs: u32,
1183 | |     ) {
     | |_____^

warning[E0133]: dereference of raw pointer is unsafe and requires unsafe block
    --> components\boa_bindings\js_compat\rust.rs:1186:29
     |
1186 |             (*ptr).value_ = *_value.ptr;
     |                             ^^^^^^^^^^^ dereference of raw pointer
     |
     = note: for more information, see <https://doc.rust-lang.org/edition-guide/rust-2024/unsafe-op-in-unsafe-fn.html>
     = note: raw pointers may be null, dangling or unaligned; they can violate aliasing rules and cause data races: all of these are undefined behavior

warning[E0133]: dereference of raw pointer is unsafe and requires unsafe block
    --> components\boa_bindings\js_compat\rust.rs:1187:13
     |
1187 |             (*ptr).attrs = _attrs;
     |             ^^^^^^ dereference of raw pointer
     |
     = note: for more information, see <https://doc.rust-lang.org/edition-guide/rust-2024/unsafe-op-in-unsafe-fn.html>
     = note: raw pointers may be null, dangling or unaligned; they can violate aliasing rules and cause data races: all of these are undefined behavior

warning[E0133]: dereference of raw pointer is unsafe and requires unsafe block
    --> components\boa_bindings\js_compat\rust.rs:1248:13
     |
1248 |             *_found = false;
     |             ^^^^^^^ dereference of raw pointer
     |
     = note: for more information, see <https://doc.rust-lang.org/edition-guide/rust-2024/unsafe-op-in-unsafe-fn.html>
     = note: raw pointers may be null, dangling or unaligned; they can violate aliasing rules and cause data races: all of these are undefined behavior
note: an unsafe function restricts its caller, but its body is safe by default
    --> components\boa_bindings\js_compat\rust.rs:1241:5
     |
1241 | /     pub unsafe fn JS_HasPropertyById(
1242 | |         _cx: *mut RawJSContext,
1243 | |         _obj: HandleObject<'_>,
1244 | |         _id: super::super::glue::HandleId<'_>,
1245 | |         _found: *mut bool,
1246 | |     ) -> bool {
     | |_____________^

warning: variable does not need to be mutable
    --> components\boa_bindings\js_compat\rust.rs:1548:9
     |
1548 |     let mut st = super::jsapi::SourceText::new();
     |         ----^^
     |         |
     |         help: remove this `mut`

warning: variable does not need to be mutable
    --> components\boa_bindings\js_compat\rust.rs:1558:9
     |
1558 |     let mut st = super::jsapi::SourceText::new();
     |         ----^^
     |         |
     |         help: remove this `mut`

warning[E0133]: call to unsafe function `js_compat::gc::Traceable::trace` is unsafe and requires unsafe block
   --> components\boa_bindings\js_compat\gc.rs:423:9
    |
423 |         (*self.inner).trace(tracer);
    |         ^^^^^^^^^^^^^^^^^^^^^^^^^^^ call to unsafe function
    |
    = note: for more information, see <https://doc.rust-lang.org/edition-guide/rust-2024/unsafe-op-in-unsafe-fn.html>
    = note: consult the function's documentation for information on how to avoid undefined behavior
note: an unsafe function restricts its caller, but its body is safe by default
   --> components\boa_bindings\js_compat\gc.rs:422:5
    |
422 |     pub unsafe fn trace(&self, tracer: *mut JSTracer) {
    |     ^^^^^^^^^^^^^^^^^^^^^^^^^^^^^^^^^^^^^^^^^^^^^^^^^

warning[E0133]: call to unsafe function `js_compat::gc::Traceable::trace` is unsafe and requires unsafe block
   --> components\boa_bindings\js_compat\gc.rs:486:13
    |
486 |             v.trace(tracer);
    |             ^^^^^^^^^^^^^^^ call to unsafe function
    |
    = note: for more information, see <https://doc.rust-lang.org/edition-guide/rust-2024/unsafe-op-in-unsafe-fn.html>
    = note: consult the function's documentation for information on how to avoid undefined behavior
note: an unsafe function restricts its caller, but its body is safe by default
   --> components\boa_bindings\js_compat\gc.rs:484:5
    |
484 |     unsafe fn trace(&self, tracer: *mut JSTracer) {
    |     ^^^^^^^^^^^^^^^^^^^^^^^^^^^^^^^^^^^^^^^^^^^^^

warning[E0133]: call to unsafe function `js_compat::gc::Traceable::trace` is unsafe and requires unsafe block
   --> components\boa_bindings\js_compat\gc.rs:496:26
    |
496 |             Ok(ref v) => v.trace(tracer),
    |                          ^^^^^^^^^^^^^^^ call to unsafe function
    |
    = note: for more information, see <https://doc.rust-lang.org/edition-guide/rust-2024/unsafe-op-in-unsafe-fn.html>
    = note: consult the function's documentation for information on how to avoid undefined behavior
note: an unsafe function restricts its caller, but its body is safe by default
   --> components\boa_bindings\js_compat\gc.rs:494:5
    |
494 |     unsafe fn trace(&self, tracer: *mut JSTracer) {
    |     ^^^^^^^^^^^^^^^^^^^^^^^^^^^^^^^^^^^^^^^^^^^^^

warning[E0133]: call to unsafe function `js_compat::gc::Traceable::trace` is unsafe and requires unsafe block
   --> components\boa_bindings\js_compat\gc.rs:497:27
    |
497 |             Err(ref e) => e.trace(tracer),
    |                           ^^^^^^^^^^^^^^^ call to unsafe function
    |
    = note: for more information, see <https://doc.rust-lang.org/edition-guide/rust-2024/unsafe-op-in-unsafe-fn.html>
    = note: consult the function's documentation for information on how to avoid undefined behavior

warning[E0133]: call to unsafe function `js_compat::gc::Traceable::trace` is unsafe and requires unsafe block
   --> components\boa_bindings\js_compat\gc.rs:508:9
    |
508 |         self.get().trace(tracer);
    |         ^^^^^^^^^^^^^^^^^^^^^^^^ call to unsafe function
    |
    = note: for more information, see <https://doc.rust-lang.org/edition-guide/rust-2024/unsafe-op-in-unsafe-fn.html>
    = note: consult the function's documentation for information on how to avoid undefined behavior
note: an unsafe function restricts its caller, but its body is safe by default
   --> components\boa_bindings\js_compat\gc.rs:507:5
    |
507 |     unsafe fn trace(&self, tracer: *mut JSTracer) {
    |     ^^^^^^^^^^^^^^^^^^^^^^^^^^^^^^^^^^^^^^^^^^^^^

warning[E0133]: call to unsafe function `js_compat::gc::Traceable::trace` is unsafe and requires unsafe block
   --> components\boa_bindings\js_compat\gc.rs:515:9
    |
515 |         (*self).borrow().trace(tracer);
    |         ^^^^^^^^^^^^^^^^^^^^^^^^^^^^^^ call to unsafe function
    |
    = note: for more information, see <https://doc.rust-lang.org/edition-guide/rust-2024/unsafe-op-in-unsafe-fn.html>
    = note: consult the function's documentation for information on how to avoid undefined behavior
note: an unsafe function restricts its caller, but its body is safe by default
   --> components\boa_bindings\js_compat\gc.rs:514:5
    |
514 |     unsafe fn trace(&self, tracer: *mut JSTracer) {
    |     ^^^^^^^^^^^^^^^^^^^^^^^^^^^^^^^^^^^^^^^^^^^^^

warning[E0133]: call to unsafe function `js_compat::gc::Traceable::trace` is unsafe and requires unsafe block
   --> components\boa_bindings\js_compat\gc.rs:522:9
    |
522 |         (*self.get()).trace(tracer);
    |         ^^^^^^^^^^^^^^^^^^^^^^^^^^^ call to unsafe function
    |
    = note: for more information, see <https://doc.rust-lang.org/edition-guide/rust-2024/unsafe-op-in-unsafe-fn.html>
    = note: consult the function's documentation for information on how to avoid undefined behavior
note: an unsafe function restricts its caller, but its body is safe by default
   --> components\boa_bindings\js_compat\gc.rs:521:5
    |
521 |     unsafe fn trace(&self, tracer: *mut JSTracer) {
    |     ^^^^^^^^^^^^^^^^^^^^^^^^^^^^^^^^^^^^^^^^^^^^^

warning[E0133]: dereference of raw pointer is unsafe and requires unsafe block
   --> components\boa_bindings\js_compat\gc.rs:522:9
    |
522 |         (*self.get()).trace(tracer);
    |         ^^^^^^^^^^^^^ dereference of raw pointer
    |
    = note: for more information, see <https://doc.rust-lang.org/edition-guide/rust-2024/unsafe-op-in-unsafe-fn.html>
    = note: raw pointers may be null, dangling or unaligned; they can violate aliasing rules and cause data races: all of these are undefined behavior

warning[E0133]: call to unsafe function `js_compat::gc::Traceable::trace` is unsafe and requires unsafe block
   --> components\boa_bindings\js_compat\gc.rs:530:9
    |
530 |         (**self).trace(tracer);
    |         ^^^^^^^^^^^^^^^^^^^^^^ call to unsafe function
    |
    = note: for more information, see <https://doc.rust-lang.org/edition-guide/rust-2024/unsafe-op-in-unsafe-fn.html>
    = note: consult the function's documentation for information on how to avoid undefined behavior
note: an unsafe function restricts its caller, but its body is safe by default
   --> components\boa_bindings\js_compat\gc.rs:529:5
    |
529 |     unsafe fn trace(&self, tracer: *mut JSTracer) {
    |     ^^^^^^^^^^^^^^^^^^^^^^^^^^^^^^^^^^^^^^^^^^^^^

warning[E0133]: call to unsafe function `js_compat::gc::Traceable::trace` is unsafe and requires unsafe block
   --> components\boa_bindings\js_compat\gc.rs:538:13
    |
538 |             item.trace(tracer);
    |             ^^^^^^^^^^^^^^^^^^ call to unsafe function
    |
    = note: for more information, see <https://doc.rust-lang.org/edition-guide/rust-2024/unsafe-op-in-unsafe-fn.html>
    = note: consult the function's documentation for information on how to avoid undefined behavior
note: an unsafe function restricts its caller, but its body is safe by default
   --> components\boa_bindings\js_compat\gc.rs:536:5
    |
536 |     unsafe fn trace(&self, tracer: *mut JSTracer) {
    |     ^^^^^^^^^^^^^^^^^^^^^^^^^^^^^^^^^^^^^^^^^^^^^

warning[E0133]: call to unsafe function `js_compat::gc::Traceable::trace` is unsafe and requires unsafe block
   --> components\boa_bindings\js_compat\gc.rs:547:13
    |
547 |             item.trace(tracer);
    |             ^^^^^^^^^^^^^^^^^^ call to unsafe function
    |
    = note: for more information, see <https://doc.rust-lang.org/edition-guide/rust-2024/unsafe-op-in-unsafe-fn.html>
    = note: consult the function's documentation for information on how to avoid undefined behavior
note: an unsafe function restricts its caller, but its body is safe by default
   --> components\boa_bindings\js_compat\gc.rs:545:5
    |
545 |     unsafe fn trace(&self, tracer: *mut JSTracer) {
    |     ^^^^^^^^^^^^^^^^^^^^^^^^^^^^^^^^^^^^^^^^^^^^^

warning[E0133]: call to unsafe function `js_compat::gc::Traceable::trace` is unsafe and requires unsafe block
   --> components\boa_bindings\js_compat\gc.rs:557:13
    |
557 |             item.trace(tracer);
    |             ^^^^^^^^^^^^^^^^^^ call to unsafe function
    |
    = note: for more information, see <https://doc.rust-lang.org/edition-guide/rust-2024/unsafe-op-in-unsafe-fn.html>
    = note: consult the function's documentation for information on how to avoid undefined behavior
note: an unsafe function restricts its caller, but its body is safe by default
   --> components\boa_bindings\js_compat\gc.rs:555:5
    |
555 |     unsafe fn trace(&self, tracer: *mut JSTracer) {
    |     ^^^^^^^^^^^^^^^^^^^^^^^^^^^^^^^^^^^^^^^^^^^^^

warning[E0133]: call to unsafe function `js_compat::gc::Traceable::trace` is unsafe and requires unsafe block
   --> components\boa_bindings\js_compat\gc.rs:569:13
    |
569 |             item.trace(tracer);
    |             ^^^^^^^^^^^^^^^^^^ call to unsafe function
    |
    = note: for more information, see <https://doc.rust-lang.org/edition-guide/rust-2024/unsafe-op-in-unsafe-fn.html>
    = note: consult the function's documentation for information on how to avoid undefined behavior
note: an unsafe function restricts its caller, but its body is safe by default
   --> components\boa_bindings\js_compat\gc.rs:567:5
    |
567 |     unsafe fn trace(&self, tracer: *mut JSTracer) {
    |     ^^^^^^^^^^^^^^^^^^^^^^^^^^^^^^^^^^^^^^^^^^^^^

warning[E0133]: call to unsafe function `js_compat::gc::Traceable::trace` is unsafe and requires unsafe block
   --> components\boa_bindings\js_compat\gc.rs:582:13
    |
582 |             k.trace(tracer);
    |             ^^^^^^^^^^^^^^^ call to unsafe function
    |
    = note: for more information, see <https://doc.rust-lang.org/edition-guide/rust-2024/unsafe-op-in-unsafe-fn.html>
    = note: consult the function's documentation for information on how to avoid undefined behavior
note: an unsafe function restricts its caller, but its body is safe by default
   --> components\boa_bindings\js_compat\gc.rs:580:5
    |
580 |     unsafe fn trace(&self, tracer: *mut JSTracer) {
    |     ^^^^^^^^^^^^^^^^^^^^^^^^^^^^^^^^^^^^^^^^^^^^^

warning[E0133]: call to unsafe function `js_compat::gc::Traceable::trace` is unsafe and requires unsafe block
   --> components\boa_bindings\js_compat\gc.rs:583:13
    |
583 |             v.trace(tracer);
    |             ^^^^^^^^^^^^^^^ call to unsafe function
    |
    = note: for more information, see <https://doc.rust-lang.org/edition-guide/rust-2024/unsafe-op-in-unsafe-fn.html>
    = note: consult the function's documentation for information on how to avoid undefined behavior

warning[E0133]: call to unsafe function `js_compat::gc::Traceable::trace` is unsafe and requires unsafe block
   --> components\boa_bindings\js_compat\gc.rs:595:13
    |
595 |             item.trace(tracer);
    |             ^^^^^^^^^^^^^^^^^^ call to unsafe function
    |
    = note: for more information, see <https://doc.rust-lang.org/edition-guide/rust-2024/unsafe-op-in-unsafe-fn.html>
    = note: consult the function's documentation for information on how to avoid undefined behavior
note: an unsafe function restricts its caller, but its body is safe by default
   --> components\boa_bindings\js_compat\gc.rs:593:5
    |
593 |     unsafe fn trace(&self, tracer: *mut JSTracer) {
    |     ^^^^^^^^^^^^^^^^^^^^^^^^^^^^^^^^^^^^^^^^^^^^^

warning[E0133]: call to unsafe function `js_compat::gc::Traceable::trace` is unsafe and requires unsafe block
   --> components\boa_bindings\js_compat\gc.rs:607:13
    |
607 |             k.trace(tracer);
    |             ^^^^^^^^^^^^^^^ call to unsafe function
    |
    = note: for more information, see <https://doc.rust-lang.org/edition-guide/rust-2024/unsafe-op-in-unsafe-fn.html>
    = note: consult the function's documentation for information on how to avoid undefined behavior
note: an unsafe function restricts its caller, but its body is safe by default
   --> components\boa_bindings\js_compat\gc.rs:605:5
    |
605 |     unsafe fn trace(&self, tracer: *mut JSTracer) {
    |     ^^^^^^^^^^^^^^^^^^^^^^^^^^^^^^^^^^^^^^^^^^^^^

warning[E0133]: call to unsafe function `js_compat::gc::Traceable::trace` is unsafe and requires unsafe block
   --> components\boa_bindings\js_compat\gc.rs:608:13
    |
608 |             v.trace(tracer);
    |             ^^^^^^^^^^^^^^^ call to unsafe function
    |
    = note: for more information, see <https://doc.rust-lang.org/edition-guide/rust-2024/unsafe-op-in-unsafe-fn.html>
    = note: consult the function's documentation for information on how to avoid undefined behavior

warning[E0133]: call to unsafe function `js_compat::gc::Traceable::trace` is unsafe and requires unsafe block
   --> components\boa_bindings\js_compat\gc.rs:620:9
    |
620 |         (**self).trace(tracer);
    |         ^^^^^^^^^^^^^^^^^^^^^^ call to unsafe function
    |
    = note: for more information, see <https://doc.rust-lang.org/edition-guide/rust-2024/unsafe-op-in-unsafe-fn.html>
    = note: consult the function's documentation for information on how to avoid undefined behavior
note: an unsafe function restricts its caller, but its body is safe by default
   --> components\boa_bindings\js_compat\gc.rs:619:5
    |
619 |     unsafe fn trace(&self, tracer: *mut JSTracer) {
    |     ^^^^^^^^^^^^^^^^^^^^^^^^^^^^^^^^^^^^^^^^^^^^^

warning[E0133]: call to unsafe function `js_compat::gc::Traceable::trace` is unsafe and requires unsafe block
   --> components\boa_bindings\js_compat\gc.rs:627:9
    |
627 |         (**self).trace(tracer);
    |         ^^^^^^^^^^^^^^^^^^^^^^ call to unsafe function
    |
    = note: for more information, see <https://doc.rust-lang.org/edition-guide/rust-2024/unsafe-op-in-unsafe-fn.html>
    = note: consult the function's documentation for information on how to avoid undefined behavior
note: an unsafe function restricts its caller, but its body is safe by default
   --> components\boa_bindings\js_compat\gc.rs:626:5
    |
626 |     unsafe fn trace(&self, tracer: *mut JSTracer) {
    |     ^^^^^^^^^^^^^^^^^^^^^^^^^^^^^^^^^^^^^^^^^^^^^

warning[E0133]: call to unsafe function `js_compat::gc::Traceable::trace` is unsafe and requires unsafe block
   --> components\boa_bindings\js_compat\gc.rs:635:9
    |
635 |         self.0.trace(tracer);
    |         ^^^^^^^^^^^^^^^^^^^^ call to unsafe function
    |
    = note: for more information, see <https://doc.rust-lang.org/edition-guide/rust-2024/unsafe-op-in-unsafe-fn.html>
    = note: consult the function's documentation for information on how to avoid undefined behavior
note: an unsafe function restricts its caller, but its body is safe by default
   --> components\boa_bindings\js_compat\gc.rs:634:5
    |
634 |     unsafe fn trace(&self, tracer: *mut JSTracer) {
    |     ^^^^^^^^^^^^^^^^^^^^^^^^^^^^^^^^^^^^^^^^^^^^^

warning[E0133]: call to unsafe function `js_compat::gc::Traceable::trace` is unsafe and requires unsafe block
   --> components\boa_bindings\js_compat\gc.rs:636:9
    |
636 |         self.1.trace(tracer);
    |         ^^^^^^^^^^^^^^^^^^^^ call to unsafe function
    |
    = note: for more information, see <https://doc.rust-lang.org/edition-guide/rust-2024/unsafe-op-in-unsafe-fn.html>
    = note: consult the function's documentation for information on how to avoid undefined behavior

warning[E0133]: call to unsafe function `js_compat::gc::Traceable::trace` is unsafe and requires unsafe block
   --> components\boa_bindings\js_compat\gc.rs:643:9
    |
643 |         self.0.trace(tracer);
    |         ^^^^^^^^^^^^^^^^^^^^ call to unsafe function
    |
    = note: for more information, see <https://doc.rust-lang.org/edition-guide/rust-2024/unsafe-op-in-unsafe-fn.html>
    = note: consult the function's documentation for information on how to avoid undefined behavior
note: an unsafe function restricts its caller, but its body is safe by default
   --> components\boa_bindings\js_compat\gc.rs:642:5
    |
642 |     unsafe fn trace(&self, tracer: *mut JSTracer) {
    |     ^^^^^^^^^^^^^^^^^^^^^^^^^^^^^^^^^^^^^^^^^^^^^

warning[E0133]: call to unsafe function `js_compat::gc::Traceable::trace` is unsafe and requires unsafe block
   --> components\boa_bindings\js_compat\gc.rs:644:9
    |
644 |         self.1.trace(tracer);
    |         ^^^^^^^^^^^^^^^^^^^^ call to unsafe function
    |
    = note: for more information, see <https://doc.rust-lang.org/edition-guide/rust-2024/unsafe-op-in-unsafe-fn.html>
    = note: consult the function's documentation for information on how to avoid undefined behavior

warning[E0133]: call to unsafe function `js_compat::gc::Traceable::trace` is unsafe and requires unsafe block
   --> components\boa_bindings\js_compat\gc.rs:645:9
    |
645 |         self.2.trace(tracer);
    |         ^^^^^^^^^^^^^^^^^^^^ call to unsafe function
    |
    = note: for more information, see <https://doc.rust-lang.org/edition-guide/rust-2024/unsafe-op-in-unsafe-fn.html>
    = note: consult the function's documentation for information on how to avoid undefined behavior

warning[E0133]: call to unsafe function `js_compat::gc::Traceable::trace` is unsafe and requires unsafe block
   --> components\boa_bindings\js_compat\gc.rs:659:9
    |
659 |         (*self).trace(tracer);
    |         ^^^^^^^^^^^^^^^^^^^^^ call to unsafe function
    |
    = note: for more information, see <https://doc.rust-lang.org/edition-guide/rust-2024/unsafe-op-in-unsafe-fn.html>
    = note: consult the function's documentation for information on how to avoid undefined behavior
note: an unsafe function restricts its caller, but its body is safe by default
   --> components\boa_bindings\js_compat\gc.rs:658:5
    |
658 |     unsafe fn trace(&self, tracer: *mut JSTracer) {
    |     ^^^^^^^^^^^^^^^^^^^^^^^^^^^^^^^^^^^^^^^^^^^^^

warning[E0133]: call to unsafe function `js_compat::gc::Traceable::trace` is unsafe and requires unsafe block
   --> components\boa_bindings\js_compat\gc.rs:666:9
    |
666 |         (**self).trace(tracer);
    |         ^^^^^^^^^^^^^^^^^^^^^^ call to unsafe function
    |
    = note: for more information, see <https://doc.rust-lang.org/edition-guide/rust-2024/unsafe-op-in-unsafe-fn.html>
    = note: consult the function's documentation for information on how to avoid undefined behavior
note: an unsafe function restricts its caller, but its body is safe by default
   --> components\boa_bindings\js_compat\gc.rs:665:5
    |
665 |     unsafe fn trace(&self, tracer: *mut JSTracer) {
    |     ^^^^^^^^^^^^^^^^^^^^^^^^^^^^^^^^^^^^^^^^^^^^^

warning: field `global_ptr` is never read
   --> components\boa_bindings\settings_stack.rs:154:5
    |
153 | pub struct AutoIncumbentScript<G: DomObject + Clone> {
    |            ------------------- field in this struct
154 |     global_ptr: usize, // Store as usize to avoid needing Clone on drop
    |     ^^^^^^^^^^
    |
    = note: `#[warn(dead_code)]` (part of `#[warn(unused)]`) on by default

warning: module `PrototypeList` should have a snake case name
   --> components\boa_bindings\lib.rs:172:9
    |
172 | pub mod PrototypeList {
    |         ^^^^^^^^^^^^^ help: convert the identifier to snake case: `prototype_list`
    |
    = note: `#[warn(non_snake_case)]` (part of `#[warn(nonstandard_style)]`) on by default

warning: module `RegisterBindings` should have a snake case name
   --> components\boa_bindings\lib.rs:189:9
    |
189 | pub mod RegisterBindings {
    |         ^^^^^^^^^^^^^^^^ help: convert the identifier to snake case: `register_bindings`

warning: constant `JSClass_NON_NATIVE` should have an upper case name
  --> components\boa_bindings\js_compat\mod.rs:37:11
   |
37 | pub const JSClass_NON_NATIVE: u32 = 1 << 18;
   |           ^^^^^^^^^^^^^^^^^^ help: convert the identifier to upper case: `JSCLASS_NON_NATIVE`
   |
   = note: `#[warn(non_upper_case_globals)]` (part of `#[warn(nonstandard_style)]`) on by default

warning: function `UndefinedHandleValue` should have a snake case name
  --> components\boa_bindings\js_compat\mod.rs:48:8
   |
48 | pub fn UndefinedHandleValue() -> jsapi::HandleValue<'static> {
   |        ^^^^^^^^^^^^^^^^^^^^ help: convert the identifier to snake case: `undefined_handle_value`

warning: function `GetWellKnownSymbol` should have a snake case name
  --> components\boa_bindings\js_compat\mod.rs:54:15
   |
54 | pub unsafe fn GetWellKnownSymbol(
   |               ^^^^^^^^^^^^^^^^^^ help: convert the identifier to snake case: `get_well_known_symbol`

warning: function `JS_SetImmutablePrototype` should have a snake case name
  --> components\boa_bindings\js_compat\mod.rs:64:15
   |
64 | pub unsafe fn JS_SetImmutablePrototype(
   |               ^^^^^^^^^^^^^^^^^^^^^^^^ help: convert the identifier to snake case: `js_set_immutable_prototype`

warning: function `SetProcessBuildIdOp` should have a snake case name
   --> components\boa_bindings\js_compat\mod.rs:100:15
    |
100 | pub unsafe fn SetProcessBuildIdOp(
    |               ^^^^^^^^^^^^^^^^^^^ help: convert the identifier to snake case: `set_process_build_id_op`

warning: function `HideScriptedCaller` should have a snake case name
   --> components\boa_bindings\js_compat\mod.rs:139:15
    |
139 | pub unsafe fn HideScriptedCaller(_cx: *mut jsapi::RawJSContext) {
    |               ^^^^^^^^^^^^^^^^^^ help: convert the identifier to snake case: `hide_scripted_caller`

warning: function `UnhideScriptedCaller` should have a snake case name
   --> components\boa_bindings\js_compat\mod.rs:143:15
    |
143 | pub unsafe fn UnhideScriptedCaller(_cx: *mut jsapi::RawJSContext) {
    |               ^^^^^^^^^^^^^^^^^^^^ help: convert the identifier to snake case: `unhide_scripted_caller`

warning: function `JS_AtomizeStringN` should have a snake case name
   --> components\boa_bindings\js_compat\mod.rs:167:15
    |
167 | pub unsafe fn JS_AtomizeStringN(
    |               ^^^^^^^^^^^^^^^^^ help: convert the identifier to snake case: `js_atomize_string_n`

warning: function `AtomToLinearString` should have a snake case name
   --> components\boa_bindings\js_compat\mod.rs:176:15
    |
176 | pub unsafe fn AtomToLinearString(_atom: *mut JSAtom) -> *mut LinearString {
    |               ^^^^^^^^^^^^^^^^^^ help: convert the identifier to snake case: `atom_to_linear_string`

warning: function `GetLinearStringLength` should have a snake case name
   --> components\boa_bindings\js_compat\mod.rs:187:15
    |
187 | pub unsafe fn GetLinearStringLength(_s: *mut LinearString) -> usize {
    |               ^^^^^^^^^^^^^^^^^^^^^ help: convert the identifier to snake case: `get_linear_string_length`

warning: function `GetLinearStringCharAt` should have a snake case name
   --> components\boa_bindings\js_compat\mod.rs:192:15
    |
192 | pub unsafe fn GetLinearStringCharAt(_s: *mut LinearString, _idx: usize) -> u16 {
    |               ^^^^^^^^^^^^^^^^^^^^^ help: convert the identifier to snake case: `get_linear_string_char_at`

warning: function `StringIsArrayIndex` should have a snake case name
   --> components\boa_bindings\js_compat\mod.rs:197:15
    |
197 | pub unsafe fn StringIsArrayIndex(
    |               ^^^^^^^^^^^^^^^^^^ help: convert the identifier to snake case: `string_is_array_index`

warning: function `JS_IsGlobalObject` should have a snake case name
   --> components\boa_bindings\js_compat\mod.rs:208:15
    |
208 | pub unsafe fn JS_IsGlobalObject(_obj: *mut jsapi::JSObject) -> bool {
    |               ^^^^^^^^^^^^^^^^^ help: convert the identifier to snake case: `js_is_global_object`

warning: function `JS_MayResolveStandardClass` should have a snake case name
   --> components\boa_bindings\js_compat\mod.rs:213:15
    |
213 | pub unsafe fn JS_MayResolveStandardClass(
    |               ^^^^^^^^^^^^^^^^^^^^^^^^^^ help: convert the identifier to snake case: `js_may_resolve_standard_class`

warning: function `JS_ResolveStandardClass` should have a snake case name
   --> components\boa_bindings\js_compat\mod.rs:222:15
    |
222 | pub unsafe fn JS_ResolveStandardClass(
    |               ^^^^^^^^^^^^^^^^^^^^^^^ help: convert the identifier to snake case: `js_resolve_standard_class`

warning: function `JS_NewEnumerateStandardClasses` should have a snake case name
   --> components\boa_bindings\js_compat\mod.rs:232:15
    |
232 | pub unsafe fn JS_NewEnumerateStandardClasses(
    |               ^^^^^^^^^^^^^^^^^^^^^^^^^^^^^^ help: convert the identifier to snake case: `js_new_enumerate_standard_classes`

warning: function `GetPropertyKeys` should have a snake case name
   --> components\boa_bindings\js_compat\mod.rs:242:15
    |
242 | pub unsafe fn GetPropertyKeys(
    |               ^^^^^^^^^^^^^^^ help: convert the identifier to snake case: `get_property_keys`

warning: function `JS_GetPropertyById` should have a snake case name
   --> components\boa_bindings\js_compat\mod.rs:252:15
    |
252 | pub unsafe fn JS_GetPropertyById(
    |               ^^^^^^^^^^^^^^^^^^ help: convert the identifier to snake case: `js_get_property_by_id`

warning: references are not nullable, so checking them for null will always return false
   --> components\boa_bindings\js_compat\jsapi.rs:116:9
    |
116 |         (self as *const Self).is_null()
    |         ^----^^^^^^^^^^^^^^^^^^^^^^^^^^
    |          |
    |          expression has type `&jsapi::JSObject`
    |
    = note: `#[warn(useless_ptr_null_checks)]` on by default

warning: structure field `cOps` should have a snake case name
   --> components\boa_bindings\js_compat\jsapi.rs:144:9
    |
144 |     pub cOps: *const JSClassOps,
    |         ^^^^ help: convert the identifier to snake case: `c_ops`

warning: structure field `oOps` should have a snake case name
   --> components\boa_bindings\js_compat\jsapi.rs:147:9
    |
147 |     pub oOps: *const c_void,
    |         ^^^^ help: convert the identifier to snake case: `o_ops`

warning: structure field `addProperty` should have a snake case name
   --> components\boa_bindings\js_compat\jsapi.rs:158:9
    |
158 |     pub addProperty: Option<JSNative>,
    |         ^^^^^^^^^^^ help: convert the identifier to snake case: `add_property`

warning: structure field `delProperty` should have a snake case name
   --> components\boa_bindings\js_compat\jsapi.rs:159:9
    |
159 |     pub delProperty: Option<JSNative>,
    |         ^^^^^^^^^^^ help: convert the identifier to snake case: `del_property`

warning: structure field `getProperty` should have a snake case name
   --> components\boa_bindings\js_compat\jsapi.rs:160:9
    |
160 |     pub getProperty: Option<JSNative>,
    |         ^^^^^^^^^^^ help: convert the identifier to snake case: `get_property`

warning: structure field `setProperty` should have a snake case name
   --> components\boa_bindings\js_compat\jsapi.rs:161:9
    |
161 |     pub setProperty: Option<JSNative>,
    |         ^^^^^^^^^^^ help: convert the identifier to snake case: `set_property`

warning: structure field `newEnumerate` should have a snake case name
   --> components\boa_bindings\js_compat\jsapi.rs:163:9
    |
163 |     pub newEnumerate: Option<JSNewEnumerateOp>,
    |         ^^^^^^^^^^^^ help: convert the identifier to snake case: `new_enumerate`

warning: structure field `mayResolve` should have a snake case name
   --> components\boa_bindings\js_compat\jsapi.rs:165:9
    |
165 |     pub mayResolve: Option<JSMayResolveOp>,
    |         ^^^^^^^^^^ help: convert the identifier to snake case: `may_resolve`

warning: structure field `hasInstance` should have a snake case name
   --> components\boa_bindings\js_compat\jsapi.rs:168:9
    |
168 |     pub hasInstance: Option<JSHasInstanceOp>,
    |         ^^^^^^^^^^^ help: convert the identifier to snake case: `has_instance`

warning: variable `enumerableOnly` should have a snake case name
   --> components\boa_bindings\js_compat\jsapi.rs:194:118
    |
194 | ..._>, properties: *mut c_void, enumerableOnly: bool) -> bool;
    |                                 ^^^^^^^^^^^^^^ help: convert the identifier to snake case: `enumerable_only`

warning: variable `maybeObj` should have a snake case name
   --> components\boa_bindings\js_compat\jsapi.rs:200:87
    |
200 | pub type JSMayResolveOp = unsafe extern "C" fn(names: *const c_void, id: *mut c_void, maybeObj: *mut JSObject) -> bool;
    |                                                                                       ^^^^^^^^ help: convert the identifier to snake case: `maybe_obj`

warning: function `JS_NewObject` should have a snake case name
   --> components\boa_bindings\js_compat\jsapi.rs:574:15
    |
574 | pub unsafe fn JS_NewObject(_cx: *mut RawJSContext, _class: *const JSClass) -> *mut JSObject {
    |               ^^^^^^^^^^^^ help: convert the identifier to snake case: `js_new_object`

warning: function `JS_NewPlainObject` should have a snake case name
   --> components\boa_bindings\js_compat\jsapi.rs:578:15
    |
578 | pub unsafe fn JS_NewPlainObject(_cx: *mut RawJSContext) -> *mut JSObject {
    |               ^^^^^^^^^^^^^^^^^ help: convert the identifier to snake case: `js_new_plain_object`

warning: function `JS_NewStringCopyUTF8N` should have a snake case name
   --> components\boa_bindings\js_compat\jsapi.rs:582:15
    |
582 | pub unsafe fn JS_NewStringCopyUTF8N(
    |               ^^^^^^^^^^^^^^^^^^^^^ help: convert the identifier to snake case: `js_new_string_copy_utf8_n`

warning: function `JS_SetReservedSlot` should have a snake case name
   --> components\boa_bindings\js_compat\jsapi.rs:590:15
    |
590 | pub unsafe fn JS_SetReservedSlot(_obj: *mut JSObject, _slot: u32, _val: &Value) {}
    |               ^^^^^^^^^^^^^^^^^^ help: convert the identifier to snake case: `js_set_reserved_slot`

warning: function `CurrentGlobalOrNull` should have a snake case name
   --> components\boa_bindings\js_compat\jsapi.rs:592:15
    |
592 | pub unsafe fn CurrentGlobalOrNull(_cx: *mut RawJSContext) -> *mut JSObject {
    |               ^^^^^^^^^^^^^^^^^^^ help: convert the identifier to snake case: `current_global_or_null`

warning: function `IsCallable` should have a snake case name
   --> components\boa_bindings\js_compat\jsapi.rs:596:15
    |
596 | pub unsafe fn IsCallable(_obj: *mut JSObject) -> bool {
    |               ^^^^^^^^^^ help: convert the identifier to snake case: `is_callable`

warning: function `IsConstructor` should have a snake case name
   --> components\boa_bindings\js_compat\jsapi.rs:600:15
    |
600 | pub unsafe fn IsConstructor(_obj: *mut JSObject) -> bool {
    |               ^^^^^^^^^^^^^ help: convert the identifier to snake case: `is_constructor`

warning: function `IsPromiseObject` should have a snake case name
   --> components\boa_bindings\js_compat\jsapi.rs:604:15
    |
604 | pub unsafe fn IsPromiseObject(_obj: HandleObject<'_>) -> bool {
    |               ^^^^^^^^^^^^^^^ help: convert the identifier to snake case: `is_promise_object`

warning: function `NewArrayObject` should have a snake case name
   --> components\boa_bindings\js_compat\jsapi.rs:608:15
    |
608 | pub unsafe fn NewArrayObject(_cx: *mut RawJSContext, _contents: &HandleValueArray) -> *mut JSObject {
    |               ^^^^^^^^^^^^^^ help: convert the identifier to snake case: `new_array_object`

warning: function `GetPromiseUserInputEventHandlingState` should have a snake case name
   --> components\boa_bindings\js_compat\jsapi.rs:612:15
    |
612 | pub unsafe fn GetPromiseUserInputEventHandlingState(
    |               ^^^^^^^^^^^^^^^^^^^^^^^^^^^^^^^^^^^^^ help: convert the identifier to snake case: `get_promise_user_input_event_handling_state`

warning: function `GetObjectRealmOrNull` should have a snake case name
   --> components\boa_bindings\js_compat\jsapi.rs:618:15
    |
618 | pub unsafe fn GetObjectRealmOrNull(_obj: *mut JSObject) -> *mut c_void {
    |               ^^^^^^^^^^^^^^^^^^^^ help: convert the identifier to snake case: `get_object_realm_or_null`

warning: function `GetRealmPrincipals` should have a snake case name
   --> components\boa_bindings\js_compat\jsapi.rs:622:15
    |
622 | pub unsafe fn GetRealmPrincipals(_realm: *mut c_void) -> *mut c_void {
    |               ^^^^^^^^^^^^^^^^^^ help: convert the identifier to snake case: `get_realm_principals`

warning: function `GetScriptedCallerGlobal` should have a snake case name
   --> components\boa_bindings\js_compat\jsapi.rs:626:15
    |
626 | pub unsafe fn GetScriptedCallerGlobal(_cx: *mut RawJSContext) -> *mut JSObject {
    |               ^^^^^^^^^^^^^^^^^^^^^^^ help: convert the identifier to snake case: `get_scripted_caller_global`

warning: function `JS_ClearPendingException` should have a snake case name
   --> components\boa_bindings\js_compat\jsapi.rs:630:15
    |
630 | pub unsafe fn JS_ClearPendingException(_cx: *mut RawJSContext) {}
    |               ^^^^^^^^^^^^^^^^^^^^^^^^ help: convert the identifier to snake case: `js_clear_pending_exception`

warning: function `JS_IsExceptionPending` should have a snake case name
   --> components\boa_bindings\js_compat\jsapi.rs:632:15
    |
632 | pub unsafe fn JS_IsExceptionPending(_cx: *mut RawJSContext) -> bool {
    |               ^^^^^^^^^^^^^^^^^^^^^ help: convert the identifier to snake case: `js_is_exception_pending`

warning: function `GCTraceKindToAscii` should have a snake case name
   --> components\boa_bindings\js_compat\jsapi.rs:636:15
    |
636 | pub unsafe fn GCTraceKindToAscii(_kind: TraceKind) -> *const i8 {
    |               ^^^^^^^^^^^^^^^^^^ help: convert the identifier to snake case: `gctrace_kind_to_ascii`

warning: function `NewArrayBuffer` should have a snake case name
   --> components\boa_bindings\js_compat\jsapi.rs:670:15
    |
670 | pub unsafe fn NewArrayBuffer(_cx: *mut RawJSContext, _nbytes: usize) -> *mut JSObject {
    |               ^^^^^^^^^^^^^^ help: convert the identifier to snake case: `new_array_buffer`

warning: function `NewArrayBufferWithContents` should have a snake case name
   --> components\boa_bindings\js_compat\jsapi.rs:674:15
    |
674 | pub unsafe fn NewArrayBufferWithContents(
    |               ^^^^^^^^^^^^^^^^^^^^^^^^^^ help: convert the identifier to snake case: `new_array_buffer_with_contents`

warning: function `ArrayBufferClone` should have a snake case name
   --> components\boa_bindings\js_compat\jsapi.rs:682:15
    |
682 | pub unsafe fn ArrayBufferClone(
    |               ^^^^^^^^^^^^^^^^ help: convert the identifier to snake case: `array_buffer_clone`

warning: function `ArrayBufferCopyData` should have a snake case name
   --> components\boa_bindings\js_compat\jsapi.rs:691:15
    |
691 | pub unsafe fn ArrayBufferCopyData(
    |               ^^^^^^^^^^^^^^^^^^^ help: convert the identifier to snake case: `array_buffer_copy_data`

warning: function `GetArrayBufferByteLength` should have a snake case name
   --> components\boa_bindings\js_compat\jsapi.rs:702:15
    |
702 | pub unsafe fn GetArrayBufferByteLength(_obj: *mut JSObject) -> usize {
    |               ^^^^^^^^^^^^^^^^^^^^^^^^ help: convert the identifier to snake case: `get_array_buffer_byte_length`

warning: function `GetArrayBufferData` should have a snake case name
   --> components\boa_bindings\js_compat\jsapi.rs:706:15
    |
706 | pub unsafe fn GetArrayBufferData(
    |               ^^^^^^^^^^^^^^^^^^ help: convert the identifier to snake case: `get_array_buffer_data`

warning: function `HasDefinedArrayBufferDetachKey` should have a snake case name
   --> components\boa_bindings\js_compat\jsapi.rs:714:15
    |
714 | pub unsafe fn HasDefinedArrayBufferDetachKey(
    |               ^^^^^^^^^^^^^^^^^^^^^^^^^^^^^^ help: convert the identifier to snake case: `has_defined_array_buffer_detach_key`

warning: function `IsArrayBufferObject` should have a snake case name
   --> components\boa_bindings\js_compat\jsapi.rs:722:15
    |
722 | pub unsafe fn IsArrayBufferObject(_obj: HandleObject<'_>) -> bool {
    |               ^^^^^^^^^^^^^^^^^^^ help: convert the identifier to snake case: `is_array_buffer_object`

warning: function `IsDetachedArrayBufferObject` should have a snake case name
   --> components\boa_bindings\js_compat\jsapi.rs:726:15
    |
726 | pub unsafe fn IsDetachedArrayBufferObject(_obj: *mut JSObject) -> bool {
    |               ^^^^^^^^^^^^^^^^^^^^^^^^^^^ help: convert the identifier to snake case: `is_detached_array_buffer_object`

warning: function `StealArrayBufferContents` should have a snake case name
   --> components\boa_bindings\js_compat\jsapi.rs:730:15
    |
730 | pub unsafe fn StealArrayBufferContents(
    |               ^^^^^^^^^^^^^^^^^^^^^^^^ help: convert the identifier to snake case: `steal_array_buffer_contents`

warning: function `JS_GetArrayBufferViewBuffer` should have a snake case name
   --> components\boa_bindings\js_compat\jsapi.rs:737:15
    |
737 | pub unsafe fn JS_GetArrayBufferViewBuffer(
    |               ^^^^^^^^^^^^^^^^^^^^^^^^^^^ help: convert the identifier to snake case: `js_get_array_buffer_view_buffer`

warning: function `JS_GetArrayBufferViewByteLength` should have a snake case name
   --> components\boa_bindings\js_compat\jsapi.rs:745:15
    |
745 | pub unsafe fn JS_GetArrayBufferViewByteLength(_obj: *mut JSObject) -> usize {
    |               ^^^^^^^^^^^^^^^^^^^^^^^^^^^^^^^ help: convert the identifier to snake case: `js_get_array_buffer_view_byte_length`

warning: function `JS_GetArrayBufferViewByteOffset` should have a snake case name
   --> components\boa_bindings\js_compat\jsapi.rs:749:15
    |
749 | pub unsafe fn JS_GetArrayBufferViewByteOffset(_obj: *mut JSObject) -> usize {
    |               ^^^^^^^^^^^^^^^^^^^^^^^^^^^^^^^ help: convert the identifier to snake case: `js_get_array_buffer_view_byte_offset`

warning: function `JS_GetArrayBufferViewType` should have a snake case name
   --> components\boa_bindings\js_compat\jsapi.rs:753:15
    |
753 | pub unsafe fn JS_GetArrayBufferViewType(_obj: *mut JSObject) -> Type {
    |               ^^^^^^^^^^^^^^^^^^^^^^^^^ help: convert the identifier to snake case: `js_get_array_buffer_view_type`

warning: function `JS_GetTypedArrayLength` should have a snake case name
   --> components\boa_bindings\js_compat\jsapi.rs:757:15
    |
757 | pub unsafe fn JS_GetTypedArrayLength(_obj: *mut JSObject) -> usize {
    |               ^^^^^^^^^^^^^^^^^^^^^^ help: convert the identifier to snake case: `js_get_typed_array_length`

warning: function `JS_IsArrayBufferViewObject` should have a snake case name
   --> components\boa_bindings\js_compat\jsapi.rs:761:15
    |
761 | pub unsafe fn JS_IsArrayBufferViewObject(_obj: *mut JSObject) -> bool {
    |               ^^^^^^^^^^^^^^^^^^^^^^^^^^ help: convert the identifier to snake case: `js_is_array_buffer_view_object`

warning: function `JS_IsTypedArrayObject` should have a snake case name
   --> components\boa_bindings\js_compat\jsapi.rs:765:15
    |
765 | pub unsafe fn JS_IsTypedArrayObject(_obj: *mut JSObject) -> bool {
    |               ^^^^^^^^^^^^^^^^^^^^^ help: convert the identifier to snake case: `js_is_typed_array_object`

warning: function `JS_NewInt8ArrayWithBuffer` should have a snake case name
   --> components\boa_bindings\js_compat\jsapi.rs:770:15
    |
770 | pub unsafe fn JS_NewInt8ArrayWithBuffer(
    |               ^^^^^^^^^^^^^^^^^^^^^^^^^ help: convert the identifier to snake case: `js_new_int8_array_with_buffer`

warning: function `JS_NewUint8ArrayWithBuffer` should have a snake case name
   --> components\boa_bindings\js_compat\jsapi.rs:779:15
    |
779 | pub unsafe fn JS_NewUint8ArrayWithBuffer(
    |               ^^^^^^^^^^^^^^^^^^^^^^^^^^ help: convert the identifier to snake case: `js_new_uint8_array_with_buffer`

warning: function `JS_NewUint8ClampedArrayWithBuffer` should have a snake case name
   --> components\boa_bindings\js_compat\jsapi.rs:788:15
    |
788 | pub unsafe fn JS_NewUint8ClampedArrayWithBuffer(
    |               ^^^^^^^^^^^^^^^^^^^^^^^^^^^^^^^^^ help: convert the identifier to snake case: `js_new_uint8_clamped_array_with_buffer`

warning: function `JS_NewInt16ArrayWithBuffer` should have a snake case name
   --> components\boa_bindings\js_compat\jsapi.rs:797:15
    |
797 | pub unsafe fn JS_NewInt16ArrayWithBuffer(
    |               ^^^^^^^^^^^^^^^^^^^^^^^^^^ help: convert the identifier to snake case: `js_new_int16_array_with_buffer`

warning: function `JS_NewUint16ArrayWithBuffer` should have a snake case name
   --> components\boa_bindings\js_compat\jsapi.rs:806:15
    |
806 | pub unsafe fn JS_NewUint16ArrayWithBuffer(
    |               ^^^^^^^^^^^^^^^^^^^^^^^^^^^ help: convert the identifier to snake case: `js_new_uint16_array_with_buffer`

warning: function `JS_NewInt32ArrayWithBuffer` should have a snake case name
   --> components\boa_bindings\js_compat\jsapi.rs:815:15
    |
815 | pub unsafe fn JS_NewInt32ArrayWithBuffer(
    |               ^^^^^^^^^^^^^^^^^^^^^^^^^^ help: convert the identifier to snake case: `js_new_int32_array_with_buffer`

warning: function `JS_NewUint32ArrayWithBuffer` should have a snake case name
   --> components\boa_bindings\js_compat\jsapi.rs:824:15
    |
824 | pub unsafe fn JS_NewUint32ArrayWithBuffer(
    |               ^^^^^^^^^^^^^^^^^^^^^^^^^^^ help: convert the identifier to snake case: `js_new_uint32_array_with_buffer`

warning: function `JS_NewFloat16ArrayWithBuffer` should have a snake case name
   --> components\boa_bindings\js_compat\jsapi.rs:833:15
    |
833 | pub unsafe fn JS_NewFloat16ArrayWithBuffer(
    |               ^^^^^^^^^^^^^^^^^^^^^^^^^^^^ help: convert the identifier to snake case: `js_new_float16_array_with_buffer`

warning: function `JS_NewFloat32ArrayWithBuffer` should have a snake case name
   --> components\boa_bindings\js_compat\jsapi.rs:842:15
    |
842 | pub unsafe fn JS_NewFloat32ArrayWithBuffer(
    |               ^^^^^^^^^^^^^^^^^^^^^^^^^^^^ help: convert the identifier to snake case: `js_new_float32_array_with_buffer`

warning: function `JS_NewFloat64ArrayWithBuffer` should have a snake case name
   --> components\boa_bindings\js_compat\jsapi.rs:851:15
    |
851 | pub unsafe fn JS_NewFloat64ArrayWithBuffer(
    |               ^^^^^^^^^^^^^^^^^^^^^^^^^^^^ help: convert the identifier to snake case: `js_new_float64_array_with_buffer`

warning: function `JS_NewBigInt64ArrayWithBuffer` should have a snake case name
   --> components\boa_bindings\js_compat\jsapi.rs:860:15
    |
860 | pub unsafe fn JS_NewBigInt64ArrayWithBuffer(
    |               ^^^^^^^^^^^^^^^^^^^^^^^^^^^^^ help: convert the identifier to snake case: `js_new_big_int64_array_with_buffer`

warning: function `JS_NewBigUint64ArrayWithBuffer` should have a snake case name
   --> components\boa_bindings\js_compat\jsapi.rs:869:15
    |
869 | pub unsafe fn JS_NewBigUint64ArrayWithBuffer(
    |               ^^^^^^^^^^^^^^^^^^^^^^^^^^^^^^ help: convert the identifier to snake case: `js_new_big_uint64_array_with_buffer`

warning: function `JS_NewDataView` should have a snake case name
   --> components\boa_bindings\js_compat\jsapi.rs:878:15
    |
878 | pub unsafe fn JS_NewDataView(
    |               ^^^^^^^^^^^^^^ help: convert the identifier to snake case: `js_new_data_view`

warning: function `JS_GetProperty` should have a snake case name
   --> components\boa_bindings\js_compat\jsapi.rs:891:15
    |
891 | pub unsafe fn JS_GetProperty(
    |               ^^^^^^^^^^^^^^ help: convert the identifier to snake case: `js_get_property`

warning: function `JS_SetProperty` should have a snake case name
   --> components\boa_bindings\js_compat\jsapi.rs:900:15
    |
900 | pub unsafe fn JS_SetProperty(
    |               ^^^^^^^^^^^^^^ help: convert the identifier to snake case: `js_set_property`

warning: function `JS_GetPendingException` should have a snake case name
   --> components\boa_bindings\js_compat\jsapi.rs:909:15
    |
909 | pub unsafe fn JS_GetPendingException(
    |               ^^^^^^^^^^^^^^^^^^^^^^ help: convert the identifier to snake case: `js_get_pending_exception`

warning: function `JS_FreezeObject` should have a snake case name
   --> components\boa_bindings\js_compat\jsapi.rs:916:15
    |
916 | pub unsafe fn JS_FreezeObject(_cx: *mut RawJSContext, _obj: HandleObject<'_>) -> bool {
    |               ^^^^^^^^^^^^^^^ help: convert the identifier to snake case: `js_freeze_object`

warning: structure field `sabCloned` should have a snake case name
   --> components\boa_bindings\js_compat\jsapi.rs:991:9
    |
991 |     pub sabCloned: Option<unsafe extern "C" fn(*mut RawJSContext, bool, *mut c_void) -> bool>,
    |         ^^^^^^^^^ help: convert the identifier to snake case: `sab_cloned`

warning: function `JS_ReadUint32Pair` should have a snake case name
   --> components\boa_bindings\js_compat\jsapi.rs:996:15
    |
996 | pub unsafe fn JS_ReadUint32Pair(
    |               ^^^^^^^^^^^^^^^^^ help: convert the identifier to snake case: `js_read_uint32_pair`

warning: function `JS_WriteUint32Pair` should have a snake case name
    --> components\boa_bindings\js_compat\jsapi.rs:1004:15
     |
1004 | pub unsafe fn JS_WriteUint32Pair(
     |               ^^^^^^^^^^^^^^^^^^ help: convert the identifier to snake case: `js_write_uint32_pair`

warning: function `JS_ReadBytes` should have a snake case name
    --> components\boa_bindings\js_compat\jsapi.rs:1012:15
     |
1012 | pub unsafe fn JS_ReadBytes(
     |               ^^^^^^^^^^^^ help: convert the identifier to snake case: `js_read_bytes`

warning: function `JS_WriteBytes` should have a snake case name
    --> components\boa_bindings\js_compat\jsapi.rs:1020:15
     |
1020 | pub unsafe fn JS_WriteBytes(
     |               ^^^^^^^^^^^^^ help: convert the identifier to snake case: `js_write_bytes`

warning: module `JS` should have a snake case name
    --> components\boa_bindings\js_compat\jsapi.rs:1087:9
     |
1087 | pub mod JS {
     |         ^^ help: convert the identifier to snake case: `js`

warning: function `GetNonCCWObjectGlobal` should have a snake case name
    --> components\boa_bindings\js_compat\jsapi.rs:1153:15
     |
1153 | pub unsafe fn GetNonCCWObjectGlobal(_obj: *mut JSObject) -> *mut JSObject {
     |               ^^^^^^^^^^^^^^^^^^^^^ help: convert the identifier to snake case: `get_non_ccwobject_global`

warning: function `JS_GetFunctionObject` should have a snake case name
    --> components\boa_bindings\js_compat\jsapi.rs:1158:15
     |
1158 | pub unsafe fn JS_GetFunctionObject(_func: *mut JSFunction) -> *mut JSObject {
     |               ^^^^^^^^^^^^^^^^^^^^ help: convert the identifier to snake case: `js_get_function_object`

warning: function `SupportUnscopables` should have a snake case name
    --> components\boa_bindings\js_compat\jsapi.rs:1169:15
     |
1169 | pub unsafe fn SupportUnscopables(_cx: *mut RawJSContext, _obj: HandleObject<'_>) -> bool {
     |               ^^^^^^^^^^^^^^^^^^ help: convert the identifier to snake case: `support_unscopables`

warning: function `InstantiateGlobalStencil` should have a snake case name
    --> components\boa_bindings\js_compat\jsapi.rs:1198:15
     |
1198 | pub unsafe fn InstantiateGlobalStencil(
     |               ^^^^^^^^^^^^^^^^^^^^^^^^ help: convert the identifier to snake case: `instantiate_global_stencil`

warning: function `SetScriptPrivate` should have a snake case name
    --> components\boa_bindings\js_compat\jsapi.rs:1208:15
     |
1208 | pub unsafe fn SetScriptPrivate(
     |               ^^^^^^^^^^^^^^^^ help: convert the identifier to snake case: `set_script_private`

warning: function `TimeClip` should have a snake case name
    --> components\boa_bindings\js_compat\jsapi.rs:1235:8
     |
1235 | pub fn TimeClip(time: f64) -> ClippedTime {
     |        ^^^^^^^^ help: convert the identifier to snake case: `time_clip`

warning: function `NewDateObject` should have a snake case name
    --> components\boa_bindings\js_compat\jsapi.rs:1244:15
     |
1244 | pub unsafe fn NewDateObject(
     |               ^^^^^^^^^^^^^ help: convert the identifier to snake case: `new_date_object`

warning: function `DateGetMsecSinceEpoch` should have a snake case name
    --> components\boa_bindings\js_compat\jsapi.rs:1252:15
     |
1252 | pub unsafe fn DateGetMsecSinceEpoch(
     |               ^^^^^^^^^^^^^^^^^^^^^ help: convert the identifier to snake case: `date_get_msec_since_epoch`

warning: function `ObjectIsDate` should have a snake case name
    --> components\boa_bindings\js_compat\jsapi.rs:1260:15
     |
1260 | pub unsafe fn ObjectIsDate(
     |               ^^^^^^^^^^^^ help: convert the identifier to snake case: `object_is_date`

warning: constant `RegExpFlag_UnicodeSets` should have an upper case name
    --> components\boa_bindings\js_compat\jsapi.rs:1287:11
     |
1287 | pub const RegExpFlag_UnicodeSets: u8 = 1 << 7;
     |           ^^^^^^^^^^^^^^^^^^^^^^ help: convert the identifier to upper case: `REG_EXP_FLAG_UNICODE_SETS`

warning: function `NewUCRegExpObject` should have a snake case name
    --> components\boa_bindings\js_compat\jsapi.rs:1290:15
     |
1290 | pub unsafe fn NewUCRegExpObject(
     |               ^^^^^^^^^^^^^^^^^ help: convert the identifier to snake case: `new_ucreg_exp_object`

warning: function `JS_NewFunction` should have a snake case name
    --> components\boa_bindings\js_compat\jsapi.rs:1348:15
     |
1348 | pub unsafe fn JS_NewFunction(
     |               ^^^^^^^^^^^^^^ help: convert the identifier to snake case: `js_new_function`

warning: function `NewFunctionWithReserved` should have a snake case name
    --> components\boa_bindings\js_compat\jsapi.rs:1359:15
     |
1359 | pub unsafe fn NewFunctionWithReserved(
     |               ^^^^^^^^^^^^^^^^^^^^^^^ help: convert the identifier to snake case: `new_function_with_reserved`

warning: function `GetFunctionNativeReserved` should have a snake case name
    --> components\boa_bindings\js_compat\jsapi.rs:1370:15
     |
1370 | pub unsafe fn GetFunctionNativeReserved(
     |               ^^^^^^^^^^^^^^^^^^^^^^^^^ help: convert the identifier to snake case: `get_function_native_reserved`

warning: function `SetFunctionNativeReserved` should have a snake case name
    --> components\boa_bindings\js_compat\jsapi.rs:1378:15
     |
1378 | pub unsafe fn SetFunctionNativeReserved(
     |               ^^^^^^^^^^^^^^^^^^^^^^^^^ help: convert the identifier to snake case: `set_function_native_reserved`

warning: function `AddRawValueRoot` should have a snake case name
    --> components\boa_bindings\js_compat\jsapi.rs:1403:15
     |
1403 | pub unsafe fn AddRawValueRoot(
     |               ^^^^^^^^^^^^^^^ help: convert the identifier to snake case: `add_raw_value_root`

warning: function `RemoveRawValueRoot` should have a snake case name
    --> components\boa_bindings\js_compat\jsapi.rs:1412:15
     |
1412 | pub unsafe fn RemoveRawValueRoot(
     |               ^^^^^^^^^^^^^^^^^^ help: convert the identifier to snake case: `remove_raw_value_root`

warning: function `JS_DeprecatedStringHasLatin1Chars` should have a snake case name
    --> components\boa_bindings\js_compat\jsapi.rs:1423:15
     |
1423 | pub unsafe fn JS_DeprecatedStringHasLatin1Chars(_s: *mut JSString) -> bool {
     |               ^^^^^^^^^^^^^^^^^^^^^^^^^^^^^^^^^ help: convert the identifier to snake case: `js_deprecated_string_has_latin1_chars`

warning: function `JS_GetTwoByteStringCharsAndLength` should have a snake case name
    --> components\boa_bindings\js_compat\jsapi.rs:1428:15
     |
1428 | pub unsafe fn JS_GetTwoByteStringCharsAndLength(
     |               ^^^^^^^^^^^^^^^^^^^^^^^^^^^^^^^^^ help: convert the identifier to snake case: `js_get_two_byte_string_chars_and_length`

warning: function `ToPrimitive` should have a snake case name
    --> components\boa_bindings\js_compat\jsapi.rs:1469:15
     |
1469 | pub unsafe fn ToPrimitive(
     |               ^^^^^^^^^^^ help: convert the identifier to snake case: `to_primitive`

warning: variable `_preferredType` should have a snake case name
    --> components\boa_bindings\js_compat\jsapi.rs:1472:5
     |
1472 |     _preferredType: JSType,
     |     ^^^^^^^^^^^^^^ help: convert the identifier to snake case: `_preferred_type`

warning: function `JS_GC` should have a snake case name
    --> components\boa_bindings\js_compat\jsapi.rs:1483:15
     |
1483 | pub unsafe fn JS_GC(
     |               ^^^^^ help: convert the identifier to snake case: `js_gc`

warning: function `JS_SetPendingException` should have a snake case name
    --> components\boa_bindings\js_compat\jsapi.rs:1490:15
     |
1490 | pub unsafe fn JS_SetPendingException(
     |               ^^^^^^^^^^^^^^^^^^^^^^ help: convert the identifier to snake case: `js_set_pending_exception`

warning: constant `ExceptionStackBehavior_DoNotCapture` should have an upper case name
    --> components\boa_bindings\js_compat\jsapi.rs:1498:11
     |
1498 | pub const ExceptionStackBehavior_DoNotCapture: u32 = 0;
     |           ^^^^^^^^^^^^^^^^^^^^^^^^^^^^^^^^^^^ help: convert the identifier to upper case: `EXCEPTION_STACK_BEHAVIOR_DO_NOT_CAPTURE`

warning: constant `ExceptionStackBehavior_Capture` should have an upper case name
    --> components\boa_bindings\js_compat\jsapi.rs:1499:11
     |
1499 | pub const ExceptionStackBehavior_Capture: u32 = 1;
     |           ^^^^^^^^^^^^^^^^^^^^^^^^^^^^^^ help: convert the identifier to upper case: `EXCEPTION_STACK_BEHAVIOR_CAPTURE`

warning: function `GetArrayLength` should have a snake case name
    --> components\boa_bindings\js_compat\jsapi.rs:1519:15
     |
1519 | pub unsafe fn GetArrayLength(
     |               ^^^^^^^^^^^^^^ help: convert the identifier to snake case: `get_array_length`

warning: function `GetBuiltinClass` should have a snake case name
    --> components\boa_bindings\js_compat\jsapi.rs:1528:15
     |
1528 | pub unsafe fn GetBuiltinClass(
     |               ^^^^^^^^^^^^^^^ help: convert the identifier to snake case: `get_builtin_class`

warning: function `JS_GetStringLength` should have a snake case name
    --> components\boa_bindings\js_compat\jsapi.rs:1538:15
     |
1538 | pub unsafe fn JS_GetStringLength(_str: *mut JSString) -> usize {
     |               ^^^^^^^^^^^^^^^^^^ help: convert the identifier to snake case: `js_get_string_length`

warning: function `JS_HasOwnPropertyById` should have a snake case name
    --> components\boa_bindings\js_compat\jsapi.rs:1543:15
     |
1543 | pub unsafe fn JS_HasOwnPropertyById(
     |               ^^^^^^^^^^^^^^^^^^^^^ help: convert the identifier to snake case: `js_has_own_property_by_id`

warning: function `JS_IndexToId` should have a snake case name
    --> components\boa_bindings\js_compat\jsapi.rs:1554:15
     |
1554 | pub unsafe fn JS_IndexToId(
     |               ^^^^^^^^^^^^ help: convert the identifier to snake case: `js_index_to_id`

warning: function `JS_AddInterruptCallback` should have a snake case name
    --> components\boa_bindings\js_compat\jsapi.rs:1579:15
     |
1579 | pub unsafe fn JS_AddInterruptCallback(
     |               ^^^^^^^^^^^^^^^^^^^^^^^ help: convert the identifier to snake case: `js_add_interrupt_callback`

warning: function `CompileModule1` should have a snake case name
    --> components\boa_bindings\js_compat\jsapi.rs:1590:15
     |
1590 | pub unsafe fn CompileModule1(
     |               ^^^^^^^^^^^^^^ help: convert the identifier to snake case: `compile_module1`

warning: function `FinishDynamicModuleImport` should have a snake case name
    --> components\boa_bindings\js_compat\jsapi.rs:1600:15
     |
1600 | pub unsafe fn FinishDynamicModuleImport(
     |               ^^^^^^^^^^^^^^^^^^^^^^^^^ help: convert the identifier to snake case: `finish_dynamic_module_import`

warning: function `GetModuleRequestSpecifier` should have a snake case name
    --> components\boa_bindings\js_compat\jsapi.rs:1611:15
     |
1611 | pub unsafe fn GetModuleRequestSpecifier(
     |               ^^^^^^^^^^^^^^^^^^^^^^^^^ help: convert the identifier to snake case: `get_module_request_specifier`

warning: function `GetModuleResolveHook` should have a snake case name
    --> components\boa_bindings\js_compat\jsapi.rs:1619:15
     |
1619 | pub unsafe fn GetModuleResolveHook(
     |               ^^^^^^^^^^^^^^^^^^^^ help: convert the identifier to snake case: `get_module_resolve_hook`

warning: function `GetRequestedModuleSpecifier` should have a snake case name
    --> components\boa_bindings\js_compat\jsapi.rs:1626:15
     |
1626 | pub unsafe fn GetRequestedModuleSpecifier(
     |               ^^^^^^^^^^^^^^^^^^^^^^^^^^^ help: convert the identifier to snake case: `get_requested_module_specifier`

warning: function `GetRequestedModulesCount` should have a snake case name
    --> components\boa_bindings\js_compat\jsapi.rs:1635:15
     |
1635 | pub unsafe fn GetRequestedModulesCount(
     |               ^^^^^^^^^^^^^^^^^^^^^^^^ help: convert the identifier to snake case: `get_requested_modules_count`

warning: function `JS_DefineProperty4` should have a snake case name
    --> components\boa_bindings\js_compat\jsapi.rs:1643:15
     |
1643 | pub unsafe fn JS_DefineProperty4(
     |               ^^^^^^^^^^^^^^^^^^ help: convert the identifier to snake case: `js_define_property4`

warning: function `JS_NewStringCopyN` should have a snake case name
    --> components\boa_bindings\js_compat\jsapi.rs:1654:15
     |
1654 | pub unsafe fn JS_NewStringCopyN(
     |               ^^^^^^^^^^^^^^^^^ help: convert the identifier to snake case: `js_new_string_copy_n`

warning: function `ModuleEvaluate` should have a snake case name
    --> components\boa_bindings\js_compat\jsapi.rs:1677:15
     |
1677 | pub unsafe fn ModuleEvaluate(
     |               ^^^^^^^^^^^^^^ help: convert the identifier to snake case: `module_evaluate`

warning: function `ModuleLink` should have a snake case name
    --> components\boa_bindings\js_compat\jsapi.rs:1686:15
     |
1686 | pub unsafe fn ModuleLink(
     |               ^^^^^^^^^^ help: convert the identifier to snake case: `module_link`

warning: function `SetModuleDynamicImportHook` should have a snake case name
    --> components\boa_bindings\js_compat\jsapi.rs:1694:15
     |
1694 | pub unsafe fn SetModuleDynamicImportHook(
     |               ^^^^^^^^^^^^^^^^^^^^^^^^^^ help: convert the identifier to snake case: `set_module_dynamic_import_hook`

warning: function `SetModuleMetadataHook` should have a snake case name
    --> components\boa_bindings\js_compat\jsapi.rs:1701:15
     |
1701 | pub unsafe fn SetModuleMetadataHook(
     |               ^^^^^^^^^^^^^^^^^^^^^ help: convert the identifier to snake case: `set_module_metadata_hook`

warning: function `SetModulePrivate` should have a snake case name
    --> components\boa_bindings\js_compat\jsapi.rs:1708:15
     |
1708 | pub unsafe fn SetModulePrivate(
     |               ^^^^^^^^^^^^^^^^ help: convert the identifier to snake case: `set_module_private`

warning: function `SetModuleResolveHook` should have a snake case name
    --> components\boa_bindings\js_compat\jsapi.rs:1715:15
     |
1715 | pub unsafe fn SetModuleResolveHook(
     |               ^^^^^^^^^^^^^^^^^^^^ help: convert the identifier to snake case: `set_module_resolve_hook`

warning: function `SetScriptPrivateReferenceHooks` should have a snake case name
    --> components\boa_bindings\js_compat\jsapi.rs:1722:15
     |
1722 | pub unsafe fn SetScriptPrivateReferenceHooks(
     |               ^^^^^^^^^^^^^^^^^^^^^^^^^^^^^^ help: convert the identifier to snake case: `set_script_private_reference_hooks`

warning: function `ThrowOnModuleEvaluationFailure` should have a snake case name
    --> components\boa_bindings\js_compat\jsapi.rs:1730:15
     |
1730 | pub unsafe fn ThrowOnModuleEvaluationFailure(
     |               ^^^^^^^^^^^^^^^^^^^^^^^^^^^^^^ help: convert the identifier to snake case: `throw_on_module_evaluation_failure`

warning: function `JobQueueIsEmpty` should have a snake case name
    --> components\boa_bindings\js_compat\jsapi.rs:1743:15
     |
1743 | pub unsafe fn JobQueueIsEmpty(_cx: *mut RawJSContext) -> bool {
     |               ^^^^^^^^^^^^^^^ help: convert the identifier to snake case: `job_queue_is_empty`

warning: function `JobQueueMayNotBeEmpty` should have a snake case name
    --> components\boa_bindings\js_compat\jsapi.rs:1748:15
     |
1748 | pub unsafe fn JobQueueMayNotBeEmpty(_cx: *mut RawJSContext) -> bool {
     |               ^^^^^^^^^^^^^^^^^^^^^ help: convert the identifier to snake case: `job_queue_may_not_be_empty`

warning: function `JS_DefinePropertyById` should have a snake case name
    --> components\boa_bindings\js_compat\jsapi.rs:1757:15
     |
1757 | pub unsafe fn JS_DefinePropertyById(
     |               ^^^^^^^^^^^^^^^^^^^^^ help: convert the identifier to snake case: `js_define_property_by_id`

warning: function `JS_ForwardGetPropertyTo` should have a snake case name
    --> components\boa_bindings\js_compat\jsapi.rs:1768:15
     |
1768 | pub unsafe fn JS_ForwardGetPropertyTo(
     |               ^^^^^^^^^^^^^^^^^^^^^^^ help: convert the identifier to snake case: `js_forward_get_property_to`

warning: function `JS_ForwardSetPropertyTo` should have a snake case name
    --> components\boa_bindings\js_compat\jsapi.rs:1779:15
     |
1779 | pub unsafe fn JS_ForwardSetPropertyTo(
     |               ^^^^^^^^^^^^^^^^^^^^^^^ help: convert the identifier to snake case: `js_forward_set_property_to`

warning: function `JS_GetOwnPropertyDescriptorById` should have a snake case name
    --> components\boa_bindings\js_compat\jsapi.rs:1791:15
     |
1791 | pub unsafe fn JS_GetOwnPropertyDescriptorById(
     |               ^^^^^^^^^^^^^^^^^^^^^^^^^^^^^^^ help: convert the identifier to snake case: `js_get_own_property_descriptor_by_id`

warning: function `JS_HasPropertyById` should have a snake case name
    --> components\boa_bindings\js_compat\jsapi.rs:1803:15
     |
1803 | pub unsafe fn JS_HasPropertyById(
     |               ^^^^^^^^^^^^^^^^^^ help: convert the identifier to snake case: `js_has_property_by_id`

warning: function `EnterRealm` should have a snake case name
    --> components\boa_bindings\js_compat\jsapi.rs:1874:15
     |
1874 | pub unsafe fn EnterRealm(_cx: *mut RawJSContext, _target: *mut JSObject) -> *mut Realm {
     |               ^^^^^^^^^^ help: convert the identifier to snake case: `enter_realm`

warning: function `LeaveRealm` should have a snake case name
    --> components\boa_bindings\js_compat\jsapi.rs:1879:15
     |
1879 | pub unsafe fn LeaveRealm(_cx: *mut RawJSContext, _old_realm: *mut Realm) {
     |               ^^^^^^^^^^ help: convert the identifier to snake case: `leave_realm`

warning: function `IsWindowProxy` should have a snake case name
    --> components\boa_bindings\js_compat\jsapi.rs:1883:15
     |
1883 | pub unsafe fn IsWindowProxy(_obj: *mut JSObject) -> bool {
     |               ^^^^^^^^^^^^^ help: convert the identifier to snake case: `is_window_proxy`

warning: function `JS_GetLatin1StringCharsAndLength` should have a snake case name
    --> components\boa_bindings\js_compat\jsapi.rs:1888:15
     |
1888 | pub unsafe fn JS_GetLatin1StringCharsAndLength(
     |               ^^^^^^^^^^^^^^^^^^^^^^^^^^^^^^^^ help: convert the identifier to snake case: `js_get_latin1_string_chars_and_length`

warning: function `JS_AtomizeAndPinString` should have a snake case name
    --> components\boa_bindings\js_compat\jsapi.rs:1898:15
     |
1898 | pub unsafe fn JS_AtomizeAndPinString(
     |               ^^^^^^^^^^^^^^^^^^^^^^ help: convert the identifier to snake case: `js_atomize_and_pin_string`

warning: function `CheckedUnwrapStatic` should have a snake case name
    --> components\boa_bindings\js_compat\jsapi.rs:2077:15
     |
2077 | pub unsafe fn CheckedUnwrapStatic(_obj: *mut JSObject) -> *mut JSObject {
     |               ^^^^^^^^^^^^^^^^^^^ help: convert the identifier to snake case: `checked_unwrap_static`

warning: function `GetFunctionRealm` should have a snake case name
    --> components\boa_bindings\js_compat\jsapi.rs:2082:15
     |
2082 | pub unsafe fn GetFunctionRealm(_cx: *mut RawJSContext, _fun: HandleObject<'_>) -> *mut Realm {
     |               ^^^^^^^^^^^^^^^^ help: convert the identifier to snake case: `get_function_realm`

warning: function `GetRealmGlobalOrNull` should have a snake case name
    --> components\boa_bindings\js_compat\jsapi.rs:2087:15
     |
2087 | pub unsafe fn GetRealmGlobalOrNull(_realm: *mut Realm) -> *mut JSObject {
     |               ^^^^^^^^^^^^^^^^^^^^ help: convert the identifier to snake case: `get_realm_global_or_null`

warning: function `IsSharableCompartment` should have a snake case name
    --> components\boa_bindings\js_compat\jsapi.rs:2092:15
     |
2092 | pub unsafe fn IsSharableCompartment(_comp: *mut Compartment) -> bool {
     |               ^^^^^^^^^^^^^^^^^^^^^ help: convert the identifier to snake case: `is_sharable_compartment`

warning: function `IsSystemCompartment` should have a snake case name
    --> components\boa_bindings\js_compat\jsapi.rs:2097:15
     |
2097 | pub unsafe fn IsSystemCompartment(_comp: *mut Compartment) -> bool {
     |               ^^^^^^^^^^^^^^^^^^^ help: convert the identifier to snake case: `is_system_compartment`

warning: function `JS_IterateCompartments` should have a snake case name
    --> components\boa_bindings\js_compat\jsapi.rs:2105:15
     |
2105 | pub unsafe fn JS_IterateCompartments(
     |               ^^^^^^^^^^^^^^^^^^^^^^ help: convert the identifier to snake case: `js_iterate_compartments`

warning: function `JS_NewGlobalObject` should have a snake case name
    --> components\boa_bindings\js_compat\jsapi.rs:2121:15
     |
2121 | pub unsafe fn JS_NewGlobalObject(
     |               ^^^^^^^^^^^^^^^^^^ help: convert the identifier to snake case: `js_new_global_object`

warning: function `JS_SetTrustedPrincipals` should have a snake case name
    --> components\boa_bindings\js_compat\jsapi.rs:2132:15
     |
2132 | pub unsafe fn JS_SetTrustedPrincipals(
     |               ^^^^^^^^^^^^^^^^^^^^^^^ help: convert the identifier to snake case: `js_set_trusted_principals`

warning: function `GetRealmErrorPrototype` should have a snake case name
    --> components\boa_bindings\js_compat\jsapi.rs:2143:15
     |
2143 | pub unsafe fn GetRealmErrorPrototype(_cx: *mut RawJSContext) -> *mut JSObject {
     |               ^^^^^^^^^^^^^^^^^^^^^^ help: convert the identifier to snake case: `get_realm_error_prototype`

warning: function `GetRealmFunctionPrototype` should have a snake case name
    --> components\boa_bindings\js_compat\jsapi.rs:2148:15
     |
2148 | pub unsafe fn GetRealmFunctionPrototype(_cx: *mut RawJSContext) -> *mut JSObject {
     |               ^^^^^^^^^^^^^^^^^^^^^^^^^ help: convert the identifier to snake case: `get_realm_function_prototype`

warning: function `GetRealmIteratorPrototype` should have a snake case name
    --> components\boa_bindings\js_compat\jsapi.rs:2153:15
     |
2153 | pub unsafe fn GetRealmIteratorPrototype(_cx: *mut RawJSContext) -> *mut JSObject {
     |               ^^^^^^^^^^^^^^^^^^^^^^^^^ help: convert the identifier to snake case: `get_realm_iterator_prototype`

warning: function `GetRealmObjectPrototype` should have a snake case name
    --> components\boa_bindings\js_compat\jsapi.rs:2158:15
     |
2158 | pub unsafe fn GetRealmObjectPrototype(_cx: *mut RawJSContext) -> *mut JSObject {
     |               ^^^^^^^^^^^^^^^^^^^^^^^ help: convert the identifier to snake case: `get_realm_object_prototype`

warning: function `GetStaticPrototype` should have a snake case name
    --> components\boa_bindings\js_compat\jsapi.rs:2163:15
     |
2163 | pub unsafe fn GetStaticPrototype(_obj: *mut JSObject) -> *mut JSObject {
     |               ^^^^^^^^^^^^^^^^^^ help: convert the identifier to snake case: `get_static_prototype`

warning: function `SetDOMProxyInformation` should have a snake case name
    --> components\boa_bindings\js_compat\jsapi.rs:2194:15
     |
2194 | pub unsafe fn SetDOMProxyInformation(
     |               ^^^^^^^^^^^^^^^^^^^^^^ help: convert the identifier to snake case: `set_domproxy_information`

warning: variable `isToSource` should have a snake case name
    --> components\boa_bindings\js_compat\jsapi.rs:2206:87
     |
2206 | pub type FunToStringOp = unsafe extern "C" fn(cx: *mut JSContext, obj: *mut JSObject, isToSource: bool) -> *mut JSString;
     |                                                                                       ^^^^^^^^^^ help: convert the identifier to snake case: `is_to_source`

warning: structure field `lookupProperty` should have a snake case name
    --> components\boa_bindings\js_compat\jsapi.rs:2211:9
     |
2211 |     pub lookupProperty: Option<unsafe extern "C" fn() -> bool>,
     |         ^^^^^^^^^^^^^^ help: convert the identifier to snake case: `lookup_property`

warning: structure field `defineProperty` should have a snake case name
    --> components\boa_bindings\js_compat\jsapi.rs:2212:9
     |
2212 |     pub defineProperty: Option<unsafe extern "C" fn() -> bool>,
     |         ^^^^^^^^^^^^^^ help: convert the identifier to snake case: `define_property`

warning: structure field `hasProperty` should have a snake case name
    --> components\boa_bindings\js_compat\jsapi.rs:2213:9
     |
2213 |     pub hasProperty: Option<unsafe extern "C" fn() -> bool>,
     |         ^^^^^^^^^^^ help: convert the identifier to snake case: `has_property`

warning: structure field `getProperty` should have a snake case name
    --> components\boa_bindings\js_compat\jsapi.rs:2214:9
     |
2214 |     pub getProperty: Option<unsafe extern "C" fn() -> bool>,
     |         ^^^^^^^^^^^ help: convert the identifier to snake case: `get_property`

warning: structure field `setProperty` should have a snake case name
    --> components\boa_bindings\js_compat\jsapi.rs:2215:9
     |
2215 |     pub setProperty: Option<unsafe extern "C" fn() -> bool>,
     |         ^^^^^^^^^^^ help: convert the identifier to snake case: `set_property`

warning: structure field `getOwnPropertyDescriptor` should have a snake case name
    --> components\boa_bindings\js_compat\jsapi.rs:2216:9
     |
2216 |     pub getOwnPropertyDescriptor: Option<unsafe extern "C" fn() -> bool>,
     |         ^^^^^^^^^^^^^^^^^^^^^^^^ help: convert the identifier to snake case: `get_own_property_descriptor`

warning: structure field `deleteProperty` should have a snake case name
    --> components\boa_bindings\js_compat\jsapi.rs:2217:9
     |
2217 |     pub deleteProperty: Option<unsafe extern "C" fn() -> bool>,
     |         ^^^^^^^^^^^^^^ help: convert the identifier to snake case: `delete_property`

warning: structure field `getElements` should have a snake case name
    --> components\boa_bindings\js_compat\jsapi.rs:2218:9
     |
2218 |     pub getElements: Option<unsafe extern "C" fn() -> bool>,
     |         ^^^^^^^^^^^ help: convert the identifier to snake case: `get_elements`

warning: structure field `funToString` should have a snake case name
    --> components\boa_bindings\js_compat\jsapi.rs:2219:9
     |
2219 |     pub funToString: Option<FunToStringOp>,
     |         ^^^^^^^^^^^ help: convert the identifier to snake case: `fun_to_string`

warning: function `GetCurrentRealmOrNull` should have a snake case name
    --> components\boa_bindings\js_compat\jsapi.rs:2426:15
     |
2426 | pub unsafe fn GetCurrentRealmOrNull(_cx: *mut RawJSContext) -> *mut Realm {
     |               ^^^^^^^^^^^^^^^^^^^^^ help: convert the identifier to snake case: `get_current_realm_or_null`

warning: function `TrueHandleValue` should have a snake case name
    --> components\boa_bindings\js_compat\jsapi.rs:2438:15
     |
2438 | pub unsafe fn TrueHandleValue() -> HandleValue<'static> {
     |               ^^^^^^^^^^^^^^^ help: convert the identifier to snake case: `true_handle_value`

warning: function `JS_DropPrincipals` should have a snake case name
    --> components\boa_bindings\js_compat\jsapi.rs:2447:15
     |
2447 | pub unsafe fn JS_DropPrincipals(_cx: *mut RawJSContext, _principals: *mut JSPrincipals) {
     |               ^^^^^^^^^^^^^^^^^ help: convert the identifier to snake case: `js_drop_principals`

warning: function `JS_HoldPrincipals` should have a snake case name
    --> components\boa_bindings\js_compat\jsapi.rs:2451:15
     |
2451 | pub unsafe fn JS_HoldPrincipals(_principals: *mut JSPrincipals) {
     |               ^^^^^^^^^^^^^^^^^ help: convert the identifier to snake case: `js_hold_principals`

warning: function `JS_CALLEE` should have a snake case name
    --> components\boa_bindings\js_compat\jsapi.rs:2475:15
     |
2475 | pub unsafe fn JS_CALLEE(_cx: *mut RawJSContext, vp: *mut Value) -> Value {
     |               ^^^^^^^^^ help: convert the identifier to snake case: `js_callee`

warning: function `JS_GetPropertyDescriptorById` should have a snake case name
    --> components\boa_bindings\js_compat\jsapi.rs:2571:15
     |
2571 | pub unsafe fn JS_GetPropertyDescriptorById(
     |               ^^^^^^^^^^^^^^^^^^^^^^^^^^^^ help: convert the identifier to snake case: `js_get_property_descriptor_by_id`

warning: function `JS_WrapObject` should have a snake case name
    --> components\boa_bindings\js_compat\jsapi.rs:2587:15
     |
2587 | pub unsafe fn JS_WrapObject(
     |               ^^^^^^^^^^^^^ help: convert the identifier to snake case: `js_wrap_object`

warning: static variable `UndefinedHandleValue` should have an upper case name
    --> components\boa_bindings\js_compat\jsapi.rs:2602:12
     |
2602 | pub static UndefinedHandleValue: &'static Value = &UNDEFINED_VALUE;
     |            ^^^^^^^^^^^^^^^^^^^^ help: convert the identifier to upper case: `UNDEFINED_HANDLE_VALUE`

warning: constant `JSClass_NON_NATIVE` should have an upper case name
    --> components\boa_bindings\js_compat\jsapi.rs:2618:11
     |
2618 | pub const JSClass_NON_NATIVE: u32 = 1 << 18;
     |           ^^^^^^^^^^^^^^^^^^ help: convert the identifier to upper case: `JSCLASS_NON_NATIVE`

warning: associated constant `iterator` should have an upper case name
    --> components\boa_bindings\js_compat\jsapi.rs:2659:15
     |
2659 |     pub const iterator: SymbolCode = SymbolCode::Iterator;
     |               ^^^^^^^^ help: convert the identifier to upper case: `ITERATOR`

warning: associated constant `match_` should have an upper case name
    --> components\boa_bindings\js_compat\jsapi.rs:2660:15
     |
2660 |     pub const match_: SymbolCode = SymbolCode::Match;
     |               ^^^^^^ help: convert the identifier to upper case: `MATCH`

warning: associated constant `replace` should have an upper case name
    --> components\boa_bindings\js_compat\jsapi.rs:2661:15
     |
2661 |     pub const replace: SymbolCode = SymbolCode::Replace;
     |               ^^^^^^^ help: convert the identifier to upper case: `REPLACE`

warning: associated constant `search` should have an upper case name
    --> components\boa_bindings\js_compat\jsapi.rs:2662:15
     |
2662 |     pub const search: SymbolCode = SymbolCode::Search;
     |               ^^^^^^ help: convert the identifier to upper case: `SEARCH`

warning: associated constant `split` should have an upper case name
    --> components\boa_bindings\js_compat\jsapi.rs:2663:15
     |
2663 |     pub const split: SymbolCode = SymbolCode::Split;
     |               ^^^^^ help: convert the identifier to upper case: `SPLIT`

warning: associated constant `hasInstance` should have an upper case name
    --> components\boa_bindings\js_compat\jsapi.rs:2664:15
     |
2664 |     pub const hasInstance: SymbolCode = SymbolCode::HasInstance;
     |               ^^^^^^^^^^^ help: convert the identifier to upper case: `HAS_INSTANCE`

warning: associated constant `isConcatSpreadable` should have an upper case name
    --> components\boa_bindings\js_compat\jsapi.rs:2665:15
     |
2665 |     pub const isConcatSpreadable: SymbolCode = SymbolCode::IsConcatSpreadable;
     |               ^^^^^^^^^^^^^^^^^^ help: convert the identifier to upper case: `IS_CONCAT_SPREADABLE`

warning: associated constant `unscopables` should have an upper case name
    --> components\boa_bindings\js_compat\jsapi.rs:2666:15
     |
2666 |     pub const unscopables: SymbolCode = SymbolCode::Unscopables;
     |               ^^^^^^^^^^^ help: convert the identifier to upper case: `UNSCOPABLES`

warning: associated constant `species` should have an upper case name
    --> components\boa_bindings\js_compat\jsapi.rs:2667:15
     |
2667 |     pub const species: SymbolCode = SymbolCode::Species;
     |               ^^^^^^^ help: convert the identifier to upper case: `SPECIES`

warning: associated constant `toPrimitive` should have an upper case name
    --> components\boa_bindings\js_compat\jsapi.rs:2668:15
     |
2668 |     pub const toPrimitive: SymbolCode = SymbolCode::ToPrimitive;
     |               ^^^^^^^^^^^ help: convert the identifier to upper case: `TO_PRIMITIVE`

warning: associated constant `toStringTag` should have an upper case name
    --> components\boa_bindings\js_compat\jsapi.rs:2669:15
     |
2669 |     pub const toStringTag: SymbolCode = SymbolCode::ToStringTag;
     |               ^^^^^^^^^^^ help: convert the identifier to upper case: `TO_STRING_TAG`

warning: associated constant `asyncIterator` should have an upper case name
    --> components\boa_bindings\js_compat\jsapi.rs:2670:15
     |
2670 |     pub const asyncIterator: SymbolCode = SymbolCode::AsyncIterator;
     |               ^^^^^^^^^^^^^ help: convert the identifier to upper case: `ASYNC_ITERATOR`

warning: associated constant `matchAll` should have an upper case name
    --> components\boa_bindings\js_compat\jsapi.rs:2671:15
     |
2671 |     pub const matchAll: SymbolCode = SymbolCode::MatchAll;
     |               ^^^^^^^^ help: convert the identifier to upper case: `MATCH_ALL`

warning: function `GetWellKnownSymbol` should have a snake case name
    --> components\boa_bindings\js_compat\jsapi.rs:2675:15
     |
2675 | pub unsafe fn GetWellKnownSymbol(
     |               ^^^^^^^^^^^^^^^^^^ help: convert the identifier to snake case: `get_well_known_symbol`

warning: function `HideScriptedCaller` should have a snake case name
    --> components\boa_bindings\js_compat\jsapi.rs:2693:15
     |
2693 | pub unsafe fn HideScriptedCaller(_cx: *mut RawJSContext) {
     |               ^^^^^^^^^^^^^^^^^^ help: convert the identifier to snake case: `hide_scripted_caller`

warning: function `UnhideScriptedCaller` should have a snake case name
    --> components\boa_bindings\js_compat\jsapi.rs:2697:15
     |
2697 | pub unsafe fn UnhideScriptedCaller(_cx: *mut RawJSContext) {
     |               ^^^^^^^^^^^^^^^^^^^^ help: convert the identifier to snake case: `unhide_scripted_caller`

warning: function `JS_AtomizeStringN` should have a snake case name
    --> components\boa_bindings\js_compat\jsapi.rs:2717:15
     |
2717 | pub unsafe fn JS_AtomizeStringN(
     |               ^^^^^^^^^^^^^^^^^ help: convert the identifier to snake case: `js_atomize_string_n`

warning: function `AtomToLinearString` should have a snake case name
    --> components\boa_bindings\js_compat\jsapi.rs:2732:15
     |
2732 | pub unsafe fn AtomToLinearString(_atom: *mut JSAtom) -> *mut LinearString {
     |               ^^^^^^^^^^^^^^^^^^ help: convert the identifier to snake case: `atom_to_linear_string`

warning: function `GetLinearStringLength` should have a snake case name
    --> components\boa_bindings\js_compat\jsapi.rs:2737:15
     |
2737 | pub unsafe fn GetLinearStringLength(_s: *mut LinearString) -> usize {
     |               ^^^^^^^^^^^^^^^^^^^^^ help: convert the identifier to snake case: `get_linear_string_length`

warning: function `GetLinearStringCharAt` should have a snake case name
    --> components\boa_bindings\js_compat\jsapi.rs:2742:15
     |
2742 | pub unsafe fn GetLinearStringCharAt(_s: *mut LinearString, _idx: usize) -> u16 {
     |               ^^^^^^^^^^^^^^^^^^^^^ help: convert the identifier to snake case: `get_linear_string_char_at`

warning: function `StringIsArrayIndex` should have a snake case name
    --> components\boa_bindings\js_compat\jsapi.rs:2747:15
     |
2747 | pub unsafe fn StringIsArrayIndex(
     |               ^^^^^^^^^^^^^^^^^^ help: convert the identifier to snake case: `string_is_array_index`

warning: function `JS_IsGlobalObject` should have a snake case name
    --> components\boa_bindings\js_compat\jsapi.rs:2759:15
     |
2759 | pub unsafe fn JS_IsGlobalObject(_obj: *mut JSObject) -> bool {
     |               ^^^^^^^^^^^^^^^^^ help: convert the identifier to snake case: `js_is_global_object`

warning: function `JS_MayResolveStandardClass` should have a snake case name
    --> components\boa_bindings\js_compat\jsapi.rs:2764:15
     |
2764 | pub unsafe fn JS_MayResolveStandardClass(
     |               ^^^^^^^^^^^^^^^^^^^^^^^^^^ help: convert the identifier to snake case: `js_may_resolve_standard_class`

warning: function `JS_ResolveStandardClass` should have a snake case name
    --> components\boa_bindings\js_compat\jsapi.rs:2773:15
     |
2773 | pub unsafe fn JS_ResolveStandardClass(
     |               ^^^^^^^^^^^^^^^^^^^^^^^ help: convert the identifier to snake case: `js_resolve_standard_class`

warning: function `JS_NewEnumerateStandardClasses` should have a snake case name
    --> components\boa_bindings\js_compat\jsapi.rs:2783:15
     |
2783 | pub unsafe fn JS_NewEnumerateStandardClasses(
     |               ^^^^^^^^^^^^^^^^^^^^^^^^^^^^^^ help: convert the identifier to snake case: `js_new_enumerate_standard_classes`

warning: function `GetObjectProto` should have a snake case name
    --> components\boa_bindings\js_compat\jsapi.rs:2797:15
     |
2797 | pub unsafe fn GetObjectProto(
     |               ^^^^^^^^^^^^^^ help: convert the identifier to snake case: `get_object_proto`

warning: function `JS_NewObjectWithGivenProto` should have a snake case name
    --> components\boa_bindings\js_compat\jsapi.rs:2806:15
     |
2806 | pub unsafe fn JS_NewObjectWithGivenProto(
     |               ^^^^^^^^^^^^^^^^^^^^^^^^^^ help: convert the identifier to snake case: `js_new_object_with_given_proto`

warning: function `JS_DefineProperties` should have a snake case name
    --> components\boa_bindings\js_compat\jsapi.rs:2815:15
     |
2815 | pub unsafe fn JS_DefineProperties(
     |               ^^^^^^^^^^^^^^^^^^^ help: convert the identifier to snake case: `js_define_properties`

warning: function `JS_DefineFunctions` should have a snake case name
    --> components\boa_bindings\js_compat\jsapi.rs:2824:15
     |
2824 | pub unsafe fn JS_DefineFunctions(
     |               ^^^^^^^^^^^^^^^^^^ help: convert the identifier to snake case: `js_define_functions`

warning: function `JS_IdToValue` should have a snake case name
    --> components\boa_bindings\js_compat\jsapi.rs:2833:15
     |
2833 | pub unsafe fn JS_IdToValue(
     |               ^^^^^^^^^^^^ help: convert the identifier to snake case: `js_id_to_value`

warning: function `JS_ValueToSource` should have a snake case name
    --> components\boa_bindings\js_compat\jsapi.rs:2842:15
     |
2842 | pub unsafe fn JS_ValueToSource(
     |               ^^^^^^^^^^^^^^^^ help: convert the identifier to snake case: `js_value_to_source`

warning: function `SetPropertyIgnoringNamedGetter` should have a snake case name
    --> components\boa_bindings\js_compat\jsapi.rs:2850:15
     |
2850 | pub unsafe fn SetPropertyIgnoringNamedGetter(
     |               ^^^^^^^^^^^^^^^^^^^^^^^^^^^^^^ help: convert the identifier to snake case: `set_property_ignoring_named_getter`

warning: function `Call` should have a snake case name
    --> components\boa_bindings\js_compat\jsapi.rs:2863:15
     |
2863 | pub unsafe fn Call(
     |               ^^^^ help: convert the identifier to snake case (notice the capitalization): `call`

warning: function `SetProcessBuildIdOp` should have a snake case name
    --> components\boa_bindings\js_compat\jsapi.rs:2878:15
     |
2878 | pub unsafe fn SetProcessBuildIdOp(_build_id_op: BuildIdOp) {
     |               ^^^^^^^^^^^^^^^^^^^ help: convert the identifier to snake case: `set_process_build_id_op`

warning: function `GetPropertyKeys` should have a snake case name
    --> components\boa_bindings\js_compat\jsapi.rs:2889:15
     |
2889 | pub unsafe fn GetPropertyKeys(
     |               ^^^^^^^^^^^^^^^ help: convert the identifier to snake case: `get_property_keys`

warning: function `JS_GetPropertyById` should have a snake case name
    --> components\boa_bindings\js_compat\jsapi.rs:2899:15
     |
2899 | pub unsafe fn JS_GetPropertyById(
     |               ^^^^^^^^^^^^^^^^^^ help: convert the identifier to snake case: `js_get_property_by_id`

warning: function `JS_SetImmutablePrototype` should have a snake case name
    --> components\boa_bindings\js_compat\jsapi.rs:2909:15
     |
2909 | pub unsafe fn JS_SetImmutablePrototype(
     |               ^^^^^^^^^^^^^^^^^^^^^^^^ help: convert the identifier to snake case: `js_set_immutable_prototype`

warning: function `Compile` should have a snake case name
    --> components\boa_bindings\js_compat\jsapi.rs:1094:19
     |
1094 |     pub unsafe fn Compile(
     |                   ^^^^^^^ help: convert the identifier to snake case (notice the capitalization): `compile`

warning: function `Compile1` should have a snake case name
    --> components\boa_bindings\js_compat\jsapi.rs:1103:19
     |
1103 |     pub unsafe fn Compile1(
     |                   ^^^^^^^^ help: convert the identifier to snake case (notice the capitalization): `compile1`

warning: function `CompileFunction` should have a snake case name
    --> components\boa_bindings\js_compat\jsapi.rs:1113:19
     |
1113 |     pub unsafe fn CompileFunction(
     |                   ^^^^^^^^^^^^^^^ help: convert the identifier to snake case: `compile_function`

warning: function `JS_GetOwnPropertyDescriptorById` should have a snake case name
    --> components\boa_bindings\js_compat\jsapi.rs:2949:19
     |
2949 |     pub unsafe fn JS_GetOwnPropertyDescriptorById(
     |                   ^^^^^^^^^^^^^^^^^^^^^^^^^^^^^^^ help: convert the identifier to snake case: `js_get_own_property_descriptor_by_id`

warning: function `UndefinedValue` should have a snake case name
  --> components\boa_bindings\js_compat\jsval.rs:12:14
   |
12 | pub const fn UndefinedValue() -> Value {
   |              ^^^^^^^^^^^^^^ help: convert the identifier to snake case: `undefined_value`

warning: function `NullValue` should have a snake case name
  --> components\boa_bindings\js_compat\jsval.rs:17:14
   |
17 | pub const fn NullValue() -> Value {
   |              ^^^^^^^^^ help: convert the identifier to snake case: `null_value`

warning: function `BooleanValue` should have a snake case name
  --> components\boa_bindings\js_compat\jsval.rs:22:8
   |
22 | pub fn BooleanValue(b: bool) -> Value {
   |        ^^^^^^^^^^^^ help: convert the identifier to snake case: `boolean_value`

warning: function `Int32Value` should have a snake case name
  --> components\boa_bindings\js_compat\jsval.rs:27:8
   |
27 | pub fn Int32Value(i: i32) -> Value {
   |        ^^^^^^^^^^ help: convert the identifier to snake case: `int32_value`

warning: function `DoubleValue` should have a snake case name
  --> components\boa_bindings\js_compat\jsval.rs:32:8
   |
32 | pub fn DoubleValue(d: f64) -> Value {
   |        ^^^^^^^^^^^ help: convert the identifier to snake case: `double_value`

warning: function `StringValue` should have a snake case name
  --> components\boa_bindings\js_compat\jsval.rs:37:8
   |
37 | pub fn StringValue(_s: *mut super::jsapi::JSString) -> Value {
   |        ^^^^^^^^^^^ help: convert the identifier to snake case: `string_value`

warning: function `ObjectValue` should have a snake case name
  --> components\boa_bindings\js_compat\jsval.rs:43:8
   |
43 | pub fn ObjectValue(obj: *mut super::jsapi::JSObject) -> Value {
   |        ^^^^^^^^^^^ help: convert the identifier to snake case: `object_value`

warning: function `ObjectOrNullValue` should have a snake case name
  --> components\boa_bindings\js_compat\jsval.rs:48:8
   |
48 | pub fn ObjectOrNullValue(obj: *mut super::jsapi::JSObject) -> Value {
   |        ^^^^^^^^^^^^^^^^^ help: convert the identifier to snake case: `object_or_null_value`

warning: function `PrivateValue` should have a snake case name
  --> components\boa_bindings\js_compat\jsval.rs:57:8
   |
57 | pub fn PrivateValue(ptr: *const std::ffi::c_void) -> Value {
   |        ^^^^^^^^^^^^ help: convert the identifier to snake case: `private_value`

warning: function `UInt32Value` should have a snake case name
  --> components\boa_bindings\js_compat\jsval.rs:62:8
   |
62 | pub fn UInt32Value(u: u32) -> Value {
   |        ^^^^^^^^^^^ help: convert the identifier to snake case: `uint32_value`

warning: function `ToString` should have a snake case name
   --> components\boa_bindings\js_compat\rust.rs:338:15
    |
338 | pub unsafe fn ToString(_cx: *mut RawJSContext, _v: HandleValue<'_>) -> *mut JSString {
    |               ^^^^^^^^ help: convert the identifier to snake case: `to_string`

warning: structure field `traceGlobal_` should have a snake case name
   --> components\boa_bindings\js_compat\rust.rs:408:9
    |
408 |     pub traceGlobal_: Option<unsafe extern "C" fn(*mut super::jsapi::JSTracer, *mut super::jsapi::JSObject)>,
    |         ^^^^^^^^^^^^ help: convert the identifier to snake case: `trace_global`

warning: structure field `compSpec_` should have a snake case name
   --> components\boa_bindings\js_compat\rust.rs:410:9
    |
410 |     pub compSpec_: super::jsapi::CompartmentSpecifier,
    |         ^^^^^^^^^ help: convert the identifier to snake case: `comp_spec`

warning: structure field `sharedMemoryAndAtomics_` should have a snake case name
   --> components\boa_bindings\js_compat\rust.rs:414:9
    |
414 |     pub sharedMemoryAndAtomics_: bool,
    |         ^^^^^^^^^^^^^^^^^^^^^^^ help: convert the identifier to snake case: `shared_memory_and_atomics`

warning: structure field `creationOptions_` should have a snake case name
   --> components\boa_bindings\js_compat\rust.rs:446:9
    |
446 |     pub creationOptions_: RealmCreationOptions,
    |         ^^^^^^^^^^^^^^^^ help: convert the identifier to snake case: `creation_options`

warning: method `creationOptions` should have a snake case name
   --> components\boa_bindings\js_compat\rust.rs:473:12
    |
473 |     pub fn creationOptions(&self) -> &RealmCreationOptions {
    |            ^^^^^^^^^^^^^^^ help: convert the identifier to snake case: `creation_options`

warning: function `JS_GetProperty` should have a snake case name
   --> components\boa_bindings\js_compat\rust.rs:537:19
    |
537 |     pub unsafe fn JS_GetProperty(
    |                   ^^^^^^^^^^^^^^ help: convert the identifier to snake case: `js_get_property`

warning: function `JS_SetProperty` should have a snake case name
   --> components\boa_bindings\js_compat\rust.rs:546:19
    |
546 |     pub unsafe fn JS_SetProperty(
    |                   ^^^^^^^^^^^^^^ help: convert the identifier to snake case: `js_set_property`

warning: function `JS_HasProperty` should have a snake case name
   --> components\boa_bindings\js_compat\rust.rs:555:19
    |
555 |     pub unsafe fn JS_HasProperty(
    |                   ^^^^^^^^^^^^^^ help: convert the identifier to snake case: `js_has_property`

warning: function `JS_HasOwnProperty` should have a snake case name
   --> components\boa_bindings\js_compat\rust.rs:564:19
    |
564 |     pub unsafe fn JS_HasOwnProperty(
    |                   ^^^^^^^^^^^^^^^^^ help: convert the identifier to snake case: `js_has_own_property`

warning: function `JS_DefineProperty` should have a snake case name
   --> components\boa_bindings\js_compat\rust.rs:573:19
    |
573 |     pub unsafe fn JS_DefineProperty(
    |                   ^^^^^^^^^^^^^^^^^ help: convert the identifier to snake case: `js_define_property`

warning: function `JS_GetPendingException` should have a snake case name
   --> components\boa_bindings\js_compat\rust.rs:583:19
    |
583 |     pub unsafe fn JS_GetPendingException(
    |                   ^^^^^^^^^^^^^^^^^^^^^^ help: convert the identifier to snake case: `js_get_pending_exception`

warning: function `JS_SetPendingException` should have a snake case name
   --> components\boa_bindings\js_compat\rust.rs:590:19
    |
590 |     pub unsafe fn JS_SetPendingException(
    |                   ^^^^^^^^^^^^^^^^^^^^^^ help: convert the identifier to snake case: `js_set_pending_exception`

warning: function `JS_ErrorFromException` should have a snake case name
   --> components\boa_bindings\js_compat\rust.rs:597:19
    |
597 |     pub unsafe fn JS_ErrorFromException(
    |                   ^^^^^^^^^^^^^^^^^^^^^ help: convert the identifier to snake case: `js_error_from_exception`

warning: function `Call` should have a snake case name
   --> components\boa_bindings\js_compat\rust.rs:604:19
    |
604 |     pub unsafe fn Call(
    |                   ^^^^ help: convert the identifier to snake case (notice the capitalization): `call`

warning: function `Construct1` should have a snake case name
   --> components\boa_bindings\js_compat\rust.rs:614:19
    |
614 |     pub unsafe fn Construct1(
    |                   ^^^^^^^^^^ help: convert the identifier to snake case (notice the capitalization): `construct1`

warning: function `SameValue` should have a snake case name
   --> components\boa_bindings\js_compat\rust.rs:623:19
    |
623 |     pub unsafe fn SameValue(
    |                   ^^^^^^^^^ help: convert the identifier to snake case: `same_value`

warning: function `JS_ParseJSON` should have a snake case name
   --> components\boa_bindings\js_compat\rust.rs:632:19
    |
632 |     pub unsafe fn JS_ParseJSON(
    |                   ^^^^^^^^^^^^ help: convert the identifier to snake case: `js_parse_json`

warning: function `JS_Stringify` should have a snake case name
   --> components\boa_bindings\js_compat\rust.rs:641:19
    |
641 |     pub unsafe fn JS_Stringify(
    |                   ^^^^^^^^^^^^ help: convert the identifier to snake case: `js_stringify`

warning: function `IsArrayObject` should have a snake case name
   --> components\boa_bindings\js_compat\rust.rs:652:19
    |
652 |     pub unsafe fn IsArrayObject(
    |                   ^^^^^^^^^^^^^ help: convert the identifier to snake case: `is_array_object`

warning: function `JS_TypeOfValue` should have a snake case name
   --> components\boa_bindings\js_compat\rust.rs:660:19
    |
660 |     pub unsafe fn JS_TypeOfValue(
    |                   ^^^^^^^^^^^^^^ help: convert the identifier to snake case: `js_type_of_value`

warning: function `JS_IsIdentifier` should have a snake case name
   --> components\boa_bindings\js_compat\rust.rs:667:19
    |
667 |     pub unsafe fn JS_IsIdentifier(
    |                   ^^^^^^^^^^^^^^^ help: convert the identifier to snake case: `js_is_identifier`

warning: function `GetPromiseIsHandled` should have a snake case name
   --> components\boa_bindings\js_compat\rust.rs:675:19
    |
675 |     pub unsafe fn GetPromiseIsHandled(_promise: HandleObject<'_>) -> bool {
    |                   ^^^^^^^^^^^^^^^^^^^ help: convert the identifier to snake case: `get_promise_is_handled`

warning: function `JS_GetPromiseResult` should have a snake case name
   --> components\boa_bindings\js_compat\rust.rs:679:19
    |
679 |     pub unsafe fn JS_GetPromiseResult(_promise: HandleObject<'_>, _vp: MutableHandleValue<'_>) {
    |                   ^^^^^^^^^^^^^^^^^^^ help: convert the identifier to snake case: `js_get_promise_result`

warning: function `JS_CallFunctionName` should have a snake case name
   --> components\boa_bindings\js_compat\rust.rs:682:19
    |
682 |     pub unsafe fn JS_CallFunctionName(
    |                   ^^^^^^^^^^^^^^^^^^^ help: convert the identifier to snake case: `js_call_function_name`

warning: function `JS_ExecuteScript` should have a snake case name
   --> components\boa_bindings\js_compat\rust.rs:692:19
    |
692 |     pub unsafe fn JS_ExecuteScript(
    |                   ^^^^^^^^^^^^^^^^ help: convert the identifier to snake case: `js_execute_script`

warning: function `JS_GetScriptPrivate` should have a snake case name
   --> components\boa_bindings\js_compat\rust.rs:700:19
    |
700 |     pub unsafe fn JS_GetScriptPrivate(_script: HandleObject<'_>) -> Value {
    |                   ^^^^^^^^^^^^^^^^^^^ help: convert the identifier to snake case: `js_get_script_private`

warning: function `JS_GetModulePrivate` should have a snake case name
   --> components\boa_bindings\js_compat\rust.rs:704:19
    |
704 |     pub unsafe fn JS_GetModulePrivate(_module: HandleObject<'_>) -> Value {
    |                   ^^^^^^^^^^^^^^^^^^^ help: convert the identifier to snake case: `js_get_module_private`

warning: function `JS_SetPrototype` should have a snake case name
   --> components\boa_bindings\js_compat\rust.rs:708:19
    |
708 |     pub unsafe fn JS_SetPrototype(
    |                   ^^^^^^^^^^^^^^^ help: convert the identifier to snake case: `js_set_prototype`

warning: function `JS_WrapObject` should have a snake case name
   --> components\boa_bindings\js_compat\rust.rs:716:19
    |
716 |     pub unsafe fn JS_WrapObject(
    |                   ^^^^^^^^^^^^^ help: convert the identifier to snake case: `js_wrap_object`

warning: function `JS_TransplantObject` should have a snake case name
   --> components\boa_bindings\js_compat\rust.rs:723:19
    |
723 |     pub unsafe fn JS_TransplantObject(
    |                   ^^^^^^^^^^^^^^^^^^^ help: convert the identifier to snake case: `js_transplant_object`

warning: function `NewWindowProxy` should have a snake case name
   --> components\boa_bindings\js_compat\rust.rs:731:19
    |
731 |     pub unsafe fn NewWindowProxy(
    |                   ^^^^^^^^^^^^^^ help: convert the identifier to snake case: `new_window_proxy`

warning: function `SetWindowProxy` should have a snake case name
   --> components\boa_bindings\js_compat\rust.rs:739:19
    |
739 |     pub unsafe fn SetWindowProxy(
    |                   ^^^^^^^^^^^^^^ help: convert the identifier to snake case: `set_window_proxy`

warning: function `CheckRegExpSyntax` should have a snake case name
   --> components\boa_bindings\js_compat\rust.rs:746:19
    |
746 |     pub unsafe fn CheckRegExpSyntax(
    |                   ^^^^^^^^^^^^^^^^^ help: convert the identifier to snake case: `check_reg_exp_syntax`

warning: function `ExecuteRegExpNoStatics` should have a snake case name
   --> components\boa_bindings\js_compat\rust.rs:755:19
    |
755 |     pub unsafe fn ExecuteRegExpNoStatics(
    |                   ^^^^^^^^^^^^^^^^^^^^^^ help: convert the identifier to snake case: `execute_reg_exp_no_statics`

warning: function `ObjectIsRegExp` should have a snake case name
   --> components\boa_bindings\js_compat\rust.rs:767:19
    |
767 |     pub unsafe fn ObjectIsRegExp(
    |                   ^^^^^^^^^^^^^^ help: convert the identifier to snake case: `object_is_reg_exp`

warning: function `JS_ReadStructuredClone` should have a snake case name
   --> components\boa_bindings\js_compat\rust.rs:775:19
    |
775 |     pub unsafe fn JS_ReadStructuredClone(
    |                   ^^^^^^^^^^^^^^^^^^^^^^ help: convert the identifier to snake case: `js_read_structured_clone`

warning: function `JS_WriteStructuredClone` should have a snake case name
   --> components\boa_bindings\js_compat\rust.rs:787:19
    |
787 |     pub unsafe fn JS_WriteStructuredClone(
    |                   ^^^^^^^^^^^^^^^^^^^^^^^ help: convert the identifier to snake case: `js_write_structured_clone`

warning: function `DetachArrayBuffer` should have a snake case name
   --> components\boa_bindings\js_compat\rust.rs:799:19
    |
799 |     pub unsafe fn DetachArrayBuffer(_cx: *mut RawJSContext, _obj: HandleObject<'_>) -> bool {
    |                   ^^^^^^^^^^^^^^^^^ help: convert the identifier to snake case: `detach_array_buffer`

warning: function `JS_DefineDebuggerObject` should have a snake case name
   --> components\boa_bindings\js_compat\rust.rs:803:19
    |
803 |     pub unsafe fn JS_DefineDebuggerObject(
    |                   ^^^^^^^^^^^^^^^^^^^^^^^ help: convert the identifier to snake case: `js_define_debugger_object`

warning: function `GetBuiltinClass` should have a snake case name
   --> components\boa_bindings\js_compat\rust.rs:810:19
    |
810 |     pub unsafe fn GetBuiltinClass(
    |                   ^^^^^^^^^^^^^^^ help: convert the identifier to snake case: `get_builtin_class`

warning: function `GetPropertyKeys` should have a snake case name
   --> components\boa_bindings\js_compat\rust.rs:818:19
    |
818 |     pub unsafe fn GetPropertyKeys(
    |                   ^^^^^^^^^^^^^^^ help: convert the identifier to snake case: `get_property_keys`

warning: function `JS_GetOwnPropertyDescriptorById` should have a snake case name
   --> components\boa_bindings\js_compat\rust.rs:827:19
    |
827 |     pub unsafe fn JS_GetOwnPropertyDescriptorById(
    |                   ^^^^^^^^^^^^^^^^^^^^^^^^^^^^^^^ help: convert the identifier to snake case: `js_get_own_property_descriptor_by_id`

warning: function `JS_GetPropertyById` should have a snake case name
   --> components\boa_bindings\js_compat\rust.rs:837:19
    |
837 |     pub unsafe fn JS_GetPropertyById(
    |                   ^^^^^^^^^^^^^^^^^^ help: convert the identifier to snake case: `js_get_property_by_id`

warning: function `JS_IdToValue` should have a snake case name
   --> components\boa_bindings\js_compat\rust.rs:846:19
    |
846 |     pub unsafe fn JS_IdToValue(
    |                   ^^^^^^^^^^^^ help: convert the identifier to snake case: `js_id_to_value`

warning: function `JS_ValueToSource` should have a snake case name
   --> components\boa_bindings\js_compat\rust.rs:854:19
    |
854 |     pub unsafe fn JS_ValueToSource(
    |                   ^^^^^^^^^^^^^^^^ help: convert the identifier to snake case: `js_value_to_source`

warning: function `IsPromiseObject` should have a snake case name
   --> components\boa_bindings\js_compat\rust.rs:866:19
    |
866 |     pub unsafe fn IsPromiseObject(obj: HandleObject<'_>) -> bool {
    |                   ^^^^^^^^^^^^^^^ help: convert the identifier to snake case: `is_promise_object`

warning: function `GetPromiseState` should have a snake case name
   --> components\boa_bindings\js_compat\rust.rs:872:19
    |
872 |     pub unsafe fn GetPromiseState(obj: HandleObject<'_>) -> super::super::jsapi::PromiseState {
    |                   ^^^^^^^^^^^^^^^ help: convert the identifier to snake case: `get_promise_state`

warning: function `NewPromiseObject` should have a snake case name
   --> components\boa_bindings\js_compat\rust.rs:878:19
    |
878 |     pub unsafe fn NewPromiseObject(
    |                   ^^^^^^^^^^^^^^^^ help: convert the identifier to snake case: `new_promise_object`

warning: function `ResolvePromise` should have a snake case name
   --> components\boa_bindings\js_compat\rust.rs:887:19
    |
887 |     pub unsafe fn ResolvePromise(
    |                   ^^^^^^^^^^^^^^ help: convert the identifier to snake case: `resolve_promise`

warning: function `RejectPromise` should have a snake case name
   --> components\boa_bindings\js_compat\rust.rs:897:19
    |
897 |     pub unsafe fn RejectPromise(
    |                   ^^^^^^^^^^^^^ help: convert the identifier to snake case: `reject_promise`

warning: function `AddPromiseReactions` should have a snake case name
   --> components\boa_bindings\js_compat\rust.rs:907:19
    |
907 |     pub unsafe fn AddPromiseReactions(
    |                   ^^^^^^^^^^^^^^^^^^^ help: convert the identifier to snake case: `add_promise_reactions`

warning: function `CallOriginalPromiseResolve` should have a snake case name
   --> components\boa_bindings\js_compat\rust.rs:918:19
    |
918 |     pub unsafe fn CallOriginalPromiseResolve(
    |                   ^^^^^^^^^^^^^^^^^^^^^^^^^^ help: convert the identifier to snake case: `call_original_promise_resolve`

warning: function `CallOriginalPromiseReject` should have a snake case name
   --> components\boa_bindings\js_compat\rust.rs:927:19
    |
927 |     pub unsafe fn CallOriginalPromiseReject(
    |                   ^^^^^^^^^^^^^^^^^^^^^^^^^ help: convert the identifier to snake case: `call_original_promise_reject`

warning: function `SetAnyPromiseIsHandled` should have a snake case name
   --> components\boa_bindings\js_compat\rust.rs:936:19
    |
936 |     pub unsafe fn SetAnyPromiseIsHandled(
    |                   ^^^^^^^^^^^^^^^^^^^^^^ help: convert the identifier to snake case: `set_any_promise_is_handled`

warning: function `SetPromiseUserInputEventHandlingState` should have a snake case name
   --> components\boa_bindings\js_compat\rust.rs:945:19
    |
945 |     pub unsafe fn SetPromiseUserInputEventHandlingState(
    |                   ^^^^^^^^^^^^^^^^^^^^^^^^^^^^^^^^^^^^^ help: convert the identifier to snake case: `set_promise_user_input_event_handling_state`

warning: function `AppendToIdVector` should have a snake case name
   --> components\boa_bindings\js_compat\rust.rs:957:19
    |
957 |     pub unsafe fn AppendToIdVector(
    |                   ^^^^^^^^^^^^^^^^ help: convert the identifier to snake case: `append_to_id_vector`

warning: function `JS_CopyOwnPropertiesAndPrivateFields` should have a snake case name
   --> components\boa_bindings\js_compat\rust.rs:965:19
    |
965 |     pub unsafe fn JS_CopyOwnPropertiesAndPrivateFields(
    |                   ^^^^^^^^^^^^^^^^^^^^^^^^^^^^^^^^^^^^ help: convert the identifier to snake case: `js_copy_own_properties_and_private_fields`

warning: function `JS_DefinePropertyById2` should have a snake case name
   --> components\boa_bindings\js_compat\rust.rs:974:19
    |
974 |     pub unsafe fn JS_DefinePropertyById2(
    |                   ^^^^^^^^^^^^^^^^^^^^^^ help: convert the identifier to snake case: `js_define_property_by_id2`

warning: function `JS_InitializePropertiesFromCompatibleNativeObject` should have a snake case name
   --> components\boa_bindings\js_compat\rust.rs:985:19
    |
985 |     pub unsafe fn JS_InitializePropertiesFromCompatibleNativeObject(
    |                   ^^^^^^^^^^^^^^^^^^^^^^^^^^^^^^^^^^^^^^^^^^^^^^^^^ help: convert the identifier to snake case: `js_initialize_properties_from_compatible_native_object`

warning: function `JS_NewObjectWithGivenProto` should have a snake case name
   --> components\boa_bindings\js_compat\rust.rs:994:19
    |
994 |     pub unsafe fn JS_NewObjectWithGivenProto(
    |                   ^^^^^^^^^^^^^^^^^^^^^^^^^^ help: convert the identifier to snake case: `js_new_object_with_given_proto`

warning: function `JS_NewObjectWithoutMetadata` should have a snake case name
    --> components\boa_bindings\js_compat\rust.rs:1003:19
     |
1003 |     pub unsafe fn JS_NewObjectWithoutMetadata(
     |                   ^^^^^^^^^^^^^^^^^^^^^^^^^^^ help: convert the identifier to snake case: `js_new_object_without_metadata`

warning: function `JS_SetImmutablePrototype` should have a snake case name
    --> components\boa_bindings\js_compat\rust.rs:1012:19
     |
1012 |     pub unsafe fn JS_SetImmutablePrototype(
     |                   ^^^^^^^^^^^^^^^^^^^^^^^^ help: convert the identifier to snake case: `js_set_immutable_prototype`

warning: function `NewProxyObject` should have a snake case name
    --> components\boa_bindings\js_compat\rust.rs:1024:19
     |
1024 |     pub unsafe fn NewProxyObject(
     |                   ^^^^^^^^^^^^^^ help: convert the identifier to snake case: `new_proxy_object`

warning: function `RUST_INTERNED_STRING_TO_JSID` should have a snake case name
    --> components\boa_bindings\js_compat\rust.rs:1035:19
     |
1035 |     pub unsafe fn RUST_INTERNED_STRING_TO_JSID(
     |                   ^^^^^^^^^^^^^^^^^^^^^^^^^^^^ help: convert the identifier to snake case: `rust_interned_string_to_jsid`

warning: function `RUST_SYMBOL_TO_JSID` should have a snake case name
    --> components\boa_bindings\js_compat\rust.rs:1044:19
     |
1044 |     pub unsafe fn RUST_SYMBOL_TO_JSID(
     |                   ^^^^^^^^^^^^^^^^^^^ help: convert the identifier to snake case: `rust_symbol_to_jsid`

warning: function `JS_DefineProperty3` should have a snake case name
    --> components\boa_bindings\js_compat\rust.rs:1057:19
     |
1057 |     pub unsafe fn JS_DefineProperty3(
     |                   ^^^^^^^^^^^^^^^^^^ help: convert the identifier to snake case: `js_define_property3`

warning: function `JS_DefineProperty3Value` should have a snake case name
    --> components\boa_bindings\js_compat\rust.rs:1068:19
     |
1068 |     pub unsafe fn JS_DefineProperty3Value(
     |                   ^^^^^^^^^^^^^^^^^^^^^^^ help: convert the identifier to snake case: `js_define_property3_value`

warning: function `JS_DefineProperty3WithGetterSetter` should have a snake case name
    --> components\boa_bindings\js_compat\rust.rs:1079:19
     |
1079 |     pub unsafe fn JS_DefineProperty3WithGetterSetter(
     |                   ^^^^^^^^^^^^^^^^^^^^^^^^^^^^^^^^^^ help: convert the identifier to snake case: `js_define_property3_with_getter_setter`

warning: function `JS_DefineProperty4` should have a snake case name
    --> components\boa_bindings\js_compat\rust.rs:1092:19
     |
1092 |     pub unsafe fn JS_DefineProperty4(
     |                   ^^^^^^^^^^^^^^^^^^ help: convert the identifier to snake case: `js_define_property4`

warning: function `JS_DefineProperty5` should have a snake case name
    --> components\boa_bindings\js_compat\rust.rs:1103:19
     |
1103 |     pub unsafe fn JS_DefineProperty5(
     |                   ^^^^^^^^^^^^^^^^^^ help: convert the identifier to snake case: `js_define_property5`

warning: function `JS_DefineProperty5WithAccessors` should have a snake case name
    --> components\boa_bindings\js_compat\rust.rs:1114:19
     |
1114 |     pub unsafe fn JS_DefineProperty5WithAccessors(
     |                   ^^^^^^^^^^^^^^^^^^^^^^^^^^^^^^^ help: convert the identifier to snake case: `js_define_property5_with_accessors`

warning: function `JS_DefinePropertyById5` should have a snake case name
    --> components\boa_bindings\js_compat\rust.rs:1126:19
     |
1126 |     pub unsafe fn JS_DefinePropertyById5(
     |                   ^^^^^^^^^^^^^^^^^^^^^^ help: convert the identifier to snake case: `js_define_property_by_id5`

warning: function `JS_DefinePropertyById5WithAccessors` should have a snake case name
    --> components\boa_bindings\js_compat\rust.rs:1137:19
     |
1137 |     pub unsafe fn JS_DefinePropertyById5WithAccessors(
     |                   ^^^^^^^^^^^^^^^^^^^^^^^^^^^^^^^^^^^ help: convert the identifier to snake case: `js_define_property_by_id5_with_accessors`

warning: function `JS_FireOnNewGlobalObject` should have a snake case name
    --> components\boa_bindings\js_compat\rust.rs:1149:19
     |
1149 |     pub unsafe fn JS_FireOnNewGlobalObject(
     |                   ^^^^^^^^^^^^^^^^^^^^^^^^ help: convert the identifier to snake case: `js_fire_on_new_global_object`

warning: function `JS_LinkConstructorAndPrototype` should have a snake case name
    --> components\boa_bindings\js_compat\rust.rs:1156:19
     |
1156 |     pub unsafe fn JS_LinkConstructorAndPrototype(
     |                   ^^^^^^^^^^^^^^^^^^^^^^^^^^^^^^ help: convert the identifier to snake case: `js_link_constructor_and_prototype`

warning: function `JS_AlreadyHasOwnPropertyById` should have a snake case name
    --> components\boa_bindings\js_compat\rust.rs:1165:19
     |
1165 |     pub unsafe fn JS_AlreadyHasOwnPropertyById(
     |                   ^^^^^^^^^^^^^^^^^^^^^^^^^^^^ help: convert the identifier to snake case: `js_already_has_own_property_by_id`

warning: function `SetDataPropertyDescriptor` should have a snake case name
    --> components\boa_bindings\js_compat\rust.rs:1179:19
     |
1179 |     pub unsafe fn SetDataPropertyDescriptor<T: IntoPropDescPtr>(
     |                   ^^^^^^^^^^^^^^^^^^^^^^^^^ help: convert the identifier to snake case: `set_data_property_descriptor`

warning: function `JS_DefineUCProperty2` should have a snake case name
    --> components\boa_bindings\js_compat\rust.rs:1199:19
     |
1199 |     pub unsafe fn JS_DefineUCProperty2(
     |                   ^^^^^^^^^^^^^^^^^^^^ help: convert the identifier to snake case: `js_define_ucproperty2`

warning: function `JS_DeletePropertyById` should have a snake case name
    --> components\boa_bindings\js_compat\rust.rs:1211:19
     |
1211 |     pub unsafe fn JS_DeletePropertyById(
     |                   ^^^^^^^^^^^^^^^^^^^^^ help: convert the identifier to snake case: `js_delete_property_by_id`

warning: function `JS_ForwardGetPropertyTo` should have a snake case name
    --> components\boa_bindings\js_compat\rust.rs:1221:19
     |
1221 |     pub unsafe fn JS_ForwardGetPropertyTo(
     |                   ^^^^^^^^^^^^^^^^^^^^^^^ help: convert the identifier to snake case: `js_forward_get_property_to`

warning: function `JS_GetPrototype` should have a snake case name
    --> components\boa_bindings\js_compat\rust.rs:1232:19
     |
1232 |     pub unsafe fn JS_GetPrototype(
     |                   ^^^^^^^^^^^^^^^ help: convert the identifier to snake case: `js_get_prototype`

warning: function `JS_HasPropertyById` should have a snake case name
    --> components\boa_bindings\js_compat\rust.rs:1241:19
     |
1241 |     pub unsafe fn JS_HasPropertyById(
     |                   ^^^^^^^^^^^^^^^^^^ help: convert the identifier to snake case: `js_has_property_by_id`

warning: function `ToJSON` should have a snake case name
    --> components\boa_bindings\js_compat\rust.rs:1254:19
     |
1254 |     pub unsafe fn ToJSON(
     |                   ^^^^^^ help: convert the identifier to snake case: `to_json`

warning: function `JS_GC` should have a snake case name
    --> components\boa_bindings\js_compat\rust.rs:1270:19
     |
1270 |     pub unsafe fn JS_GC(_cx: *mut RawJSContext, _reason: u32) {}
     |                   ^^^^^ help: convert the identifier to snake case: `js_gc`

warning: function `JS_GetGCParameter` should have a snake case name
    --> components\boa_bindings\js_compat\rust.rs:1272:19
     |
1272 |     pub unsafe fn JS_GetGCParameter(_cx: *mut RawJSContext, _param: u32) -> u32 {
     |                   ^^^^^^^^^^^^^^^^^ help: convert the identifier to snake case: `js_get_gcparameter`

warning: function `JS_SetPendingException` should have a snake case name
    --> components\boa_bindings\js_compat\rust.rs:1276:19
     |
1276 |     pub unsafe fn JS_SetPendingException(
     |                   ^^^^^^^^^^^^^^^^^^^^^^ help: convert the identifier to snake case: `js_set_pending_exception`

warning: function `JS_AddInterruptCallback` should have a snake case name
    --> components\boa_bindings\js_compat\rust.rs:1283:19
     |
1283 |     pub unsafe fn JS_AddInterruptCallback(
     |                   ^^^^^^^^^^^^^^^^^^^^^^^ help: convert the identifier to snake case: `js_add_interrupt_callback`

warning: function `SetWindowProxyClass` should have a snake case name
    --> components\boa_bindings\js_compat\rust.rs:1289:19
     |
1289 |     pub unsafe fn SetWindowProxyClass(_cx: *mut RawJSContext, _class: *const super::super::jsapi::JSClass) {
     |                   ^^^^^^^^^^^^^^^^^^^ help: convert the identifier to snake case: `set_window_proxy_class`

warning: function `ContextOptionsRef` should have a snake case name
    --> components\boa_bindings\js_compat\rust.rs:1292:12
     |
1292 |     pub fn ContextOptionsRef(_cx: *mut RawJSContext) -> *mut c_void {
     |            ^^^^^^^^^^^^^^^^^ help: convert the identifier to snake case: `context_options_ref`

warning: function `InitConsumeStreamCallback` should have a snake case name
    --> components\boa_bindings\js_compat\rust.rs:1296:19
     |
1296 |     pub unsafe fn InitConsumeStreamCallback(
     |                   ^^^^^^^^^^^^^^^^^^^^^^^^^ help: convert the identifier to snake case: `init_consume_stream_callback`

warning: function `JS_AddExtraGCRootsTracer` should have a snake case name
    --> components\boa_bindings\js_compat\rust.rs:1302:19
     |
1302 |     pub unsafe fn JS_AddExtraGCRootsTracer(
     |                   ^^^^^^^^^^^^^^^^^^^^^^^^ help: convert the identifier to snake case: `js_add_extra_gcroots_tracer`

warning: function `JS_InitDestroyPrincipalsCallback` should have a snake case name
    --> components\boa_bindings\js_compat\rust.rs:1309:19
     |
1309 |     pub unsafe fn JS_InitDestroyPrincipalsCallback(
     |                   ^^^^^^^^^^^^^^^^^^^^^^^^^^^^^^^^ help: convert the identifier to snake case: `js_init_destroy_principals_callback`

warning: function `JS_InitReadPrincipalsCallback` should have a snake case name
    --> components\boa_bindings\js_compat\rust.rs:1315:19
     |
1315 |     pub unsafe fn JS_InitReadPrincipalsCallback(
     |                   ^^^^^^^^^^^^^^^^^^^^^^^^^^^^^ help: convert the identifier to snake case: `js_init_read_principals_callback`

warning: function `JS_SetGCCallback` should have a snake case name
    --> components\boa_bindings\js_compat\rust.rs:1321:19
     |
1321 |     pub unsafe fn JS_SetGCCallback(
     |                   ^^^^^^^^^^^^^^^^ help: convert the identifier to snake case: `js_set_gccallback`

warning: function `JS_SetGCParameter` should have a snake case name
    --> components\boa_bindings\js_compat\rust.rs:1328:19
     |
1328 |     pub unsafe fn JS_SetGCParameter(_cx: *mut RawJSContext, _param: u32, _value: u32) {
     |                   ^^^^^^^^^^^^^^^^^ help: convert the identifier to snake case: `js_set_gcparameter`

warning: function `JS_SetGlobalJitCompilerOption` should have a snake case name
    --> components\boa_bindings\js_compat\rust.rs:1331:19
     |
1331 |     pub unsafe fn JS_SetGlobalJitCompilerOption(_cx: *mut RawJSContext, _opt: u32, _val: u32) {
     |                   ^^^^^^^^^^^^^^^^^^^^^^^^^^^^^ help: convert the identifier to snake case: `js_set_global_jit_compiler_option`

warning: function `JS_SetOffthreadIonCompilationEnabled` should have a snake case name
    --> components\boa_bindings\js_compat\rust.rs:1334:19
     |
1334 |     pub unsafe fn JS_SetOffthreadIonCompilationEnabled(_cx: *mut RawJSContext, _enabled: bool) {
     |                   ^^^^^^^^^^^^^^^^^^^^^^^^^^^^^^^^^^^^ help: convert the identifier to snake case: `js_set_offthread_ion_compilation_enabled`

warning: function `JS_SetSecurityCallbacks` should have a snake case name
    --> components\boa_bindings\js_compat\rust.rs:1337:19
     |
1337 |     pub unsafe fn JS_SetSecurityCallbacks(
     |                   ^^^^^^^^^^^^^^^^^^^^^^^ help: convert the identifier to snake case: `js_set_security_callbacks`

warning: function `SetDOMCallbacks` should have a snake case name
    --> components\boa_bindings\js_compat\rust.rs:1343:19
     |
1343 |     pub unsafe fn SetDOMCallbacks(_cx: *mut RawJSContext, _callbacks: *const c_void) {
     |                   ^^^^^^^^^^^^^^^ help: convert the identifier to snake case: `set_domcallbacks`

warning: function `SetGCSliceCallback` should have a snake case name
    --> components\boa_bindings\js_compat\rust.rs:1346:19
     |
1346 |     pub unsafe fn SetGCSliceCallback(
     |                   ^^^^^^^^^^^^^^^^^^ help: convert the identifier to snake case: `set_gcslice_callback`

warning: function `SetJobQueue` should have a snake case name
    --> components\boa_bindings\js_compat\rust.rs:1352:19
     |
1352 |     pub unsafe fn SetJobQueue(_cx: *mut RawJSContext, _queue: *mut super::super::jsapi::JobQueue) {
     |                   ^^^^^^^^^^^ help: convert the identifier to snake case: `set_job_queue`

warning: function `SetPreserveWrapperCallbacks` should have a snake case name
    --> components\boa_bindings\js_compat\rust.rs:1355:19
     |
1355 |     pub unsafe fn SetPreserveWrapperCallbacks(
     |                   ^^^^^^^^^^^^^^^^^^^^^^^^^^^ help: convert the identifier to snake case: `set_preserve_wrapper_callbacks`

warning: function `SetPromiseRejectionTrackerCallback` should have a snake case name
    --> components\boa_bindings\js_compat\rust.rs:1362:19
     |
1362 |     pub unsafe fn SetPromiseRejectionTrackerCallback(
     |                   ^^^^^^^^^^^^^^^^^^^^^^^^^^^^^^^^^^ help: convert the identifier to snake case: `set_promise_rejection_tracker_callback`

warning: function `SetUpEventLoopDispatch` should have a snake case name
    --> components\boa_bindings\js_compat\rust.rs:1369:19
     |
1369 |     pub unsafe fn SetUpEventLoopDispatch(_cx: *mut RawJSContext, _dispatch: *const c_void) {
     |                   ^^^^^^^^^^^^^^^^^^^^^^ help: convert the identifier to snake case: `set_up_event_loop_dispatch`

warning: function `IsMarkedUnbarriered` should have a snake case name
   --> components\boa_bindings\js_compat\gc.rs:399:15
    |
399 | pub unsafe fn IsMarkedUnbarriered(_obj: *mut JSObject) -> bool {
    |               ^^^^^^^^^^^^^^^^^^^ help: convert the identifier to snake case: `is_marked_unbarriered`

warning: function `TraceEdge` should have a snake case name
   --> components\boa_bindings\js_compat\gc.rs:404:15
    |
404 | pub unsafe fn TraceEdge(_tracer: *mut JSTracer, _ptr: *mut Value, _name: *const i8) {
    |               ^^^^^^^^^ help: convert the identifier to snake case: `trace_edge`

warning: function `GetReservedSlot` should have a snake case name
  --> components\boa_bindings\js_compat\glue.rs:13:15
   |
13 | pub unsafe fn GetReservedSlot(_obj: *mut JSObject, _slot: u32) -> Value {
   |               ^^^^^^^^^^^^^^^ help: convert the identifier to snake case: `get_reserved_slot`

warning: function `SetReservedSlot` should have a snake case name
  --> components\boa_bindings\js_compat\glue.rs:18:15
   |
18 | pub unsafe fn SetReservedSlot(_obj: *mut JSObject, _slot: u32, _val: Value) {
   |               ^^^^^^^^^^^^^^^ help: convert the identifier to snake case: `set_reserved_slot`

warning: function `GetObjectClass` should have a snake case name
  --> components\boa_bindings\js_compat\glue.rs:22:15
   |
22 | pub unsafe fn GetObjectClass(_obj: *mut JSObject) -> *const JSClass {
   |               ^^^^^^^^^^^^^^ help: convert the identifier to snake case: `get_object_class`

warning: function `GetObjectPrototype` should have a snake case name
  --> components\boa_bindings\js_compat\glue.rs:27:15
   |
27 | pub unsafe fn GetObjectPrototype(_cx: *mut RawJSContext, _obj: HandleObject<'_>) -> *mut JSObject {
   |               ^^^^^^^^^^^^^^^^^^ help: convert the identifier to snake case: `get_object_prototype`

warning: function `GetObjectRealm` should have a snake case name
  --> components\boa_bindings\js_compat\glue.rs:32:15
   |
32 | pub unsafe fn GetObjectRealm(_obj: *mut JSObject) -> *mut c_void {
   |               ^^^^^^^^^^^^^^ help: convert the identifier to snake case: `get_object_realm`

warning: function `GetNonCCWObjectGlobal` should have a snake case name
  --> components\boa_bindings\js_compat\glue.rs:37:15
   |
37 | pub unsafe fn GetNonCCWObjectGlobal(_obj: *mut JSObject) -> *mut JSObject {
   |               ^^^^^^^^^^^^^^^^^^^^^ help: convert the identifier to snake case: `get_non_ccwobject_global`

warning: function `UnwrapObject` should have a snake case name
  --> components\boa_bindings\js_compat\glue.rs:42:15
   |
42 | pub unsafe fn UnwrapObject(_obj: *mut JSObject, _stopAtWindowProxy: bool) -> *mut JSObject {
   |               ^^^^^^^^^^^^ help: convert the identifier to snake case: `unwrap_object`

warning: variable `_stopAtWindowProxy` should have a snake case name
  --> components\boa_bindings\js_compat\glue.rs:42:49
   |
42 | pub unsafe fn UnwrapObject(_obj: *mut JSObject, _stopAtWindowProxy: bool) -> *mut JSObject {
   |                                                 ^^^^^^^^^^^^^^^^^^ help: convert the identifier to snake case: `_stop_at_window_proxy`

warning: function `UnwrapObjectNoThrow` should have a snake case name
  --> components\boa_bindings\js_compat\glue.rs:47:15
   |
47 | pub unsafe fn UnwrapObjectNoThrow(_obj: *mut JSObject) -> *mut JSObject {
   |               ^^^^^^^^^^^^^^^^^^^ help: convert the identifier to snake case: `unwrap_object_no_throw`

warning: function `IsWrapper` should have a snake case name
  --> components\boa_bindings\js_compat\glue.rs:52:15
   |
52 | pub unsafe fn IsWrapper(_obj: *mut JSObject) -> bool {
   |               ^^^^^^^^^ help: convert the identifier to snake case: `is_wrapper`

warning: function `IsDOMObject` should have a snake case name
  --> components\boa_bindings\js_compat\glue.rs:57:15
   |
57 | pub unsafe fn IsDOMObject(_obj: *mut JSObject) -> bool {
   |               ^^^^^^^^^^^ help: convert the identifier to snake case: `is_domobject`

warning: function `GetDOMClass` should have a snake case name
  --> components\boa_bindings\js_compat\glue.rs:62:15
   |
62 | pub unsafe fn GetDOMClass(_obj: *mut JSObject) -> *const c_void {
   |               ^^^^^^^^^^^ help: convert the identifier to snake case: `get_domclass`

warning: function `GetDOMPrivate` should have a snake case name
  --> components\boa_bindings\js_compat\glue.rs:67:15
   |
67 | pub unsafe fn GetDOMPrivate(_obj: *mut JSObject) -> *mut c_void {
   |               ^^^^^^^^^^^^^ help: convert the identifier to snake case: `get_domprivate`

warning: function `SetDOMPrivate` should have a snake case name
  --> components\boa_bindings\js_compat\glue.rs:72:15
   |
72 | pub unsafe fn SetDOMPrivate(_obj: *mut JSObject, _priv: *mut c_void) {
   |               ^^^^^^^^^^^^^ help: convert the identifier to snake case: `set_domprivate`

warning: method `asBits_` should have a snake case name
   --> components\boa_bindings\js_compat\glue.rs:121:12
    |
121 |     pub fn asBits_(&self) -> usize {
    |            ^^^^^^^ help: convert the identifier to snake case: `as_bits`

warning: structure field `asBits_` should have a snake case name
   --> components\boa_bindings\js_compat\glue.rs:137:9
    |
137 |     pub asBits_: usize,
    |         ^^^^^^^ help: convert the identifier to snake case: `as_bits`

warning: method `hasGetter_` should have a snake case name
   --> components\boa_bindings\js_compat\glue.rs:194:12
    |
194 |     pub fn hasGetter_(&self) -> bool {
    |            ^^^^^^^^^^ help: convert the identifier to snake case: `has_getter`

warning: method `hasSetter_` should have a snake case name
   --> components\boa_bindings\js_compat\glue.rs:199:12
    |
199 |     pub fn hasSetter_(&self) -> bool {
    |            ^^^^^^^^^^ help: convert the identifier to snake case: `has_setter`

warning: method `hasWritable_` should have a snake case name
   --> components\boa_bindings\js_compat\glue.rs:204:12
    |
204 |     pub fn hasWritable_(&self) -> bool {
    |            ^^^^^^^^^^^^ help: convert the identifier to snake case: `has_writable`

warning: method `hasValue_` should have a snake case name
   --> components\boa_bindings\js_compat\glue.rs:210:12
    |
210 |     pub fn hasValue_(&self) -> bool {
    |            ^^^^^^^^^ help: convert the identifier to snake case: `has_value`

warning: method `hasConfigurable_` should have a snake case name
   --> components\boa_bindings\js_compat\glue.rs:221:12
    |
221 |     pub fn hasConfigurable_(&self) -> bool {
    |            ^^^^^^^^^^^^^^^^ help: convert the identifier to snake case: `has_configurable`

warning: method `hasEnumerable_` should have a snake case name
   --> components\boa_bindings\js_compat\glue.rs:226:12
    |
226 |     pub fn hasEnumerable_(&self) -> bool {
    |            ^^^^^^^^^^^^^^ help: convert the identifier to snake case: `has_enumerable`

warning: function `JS_TypeOfValue` should have a snake case name
   --> components\boa_bindings\js_compat\glue.rs:304:15
    |
304 | pub unsafe fn JS_TypeOfValue(_cx: *mut RawJSContext, v: Value) -> JSType {
    |               ^^^^^^^^^^^^^^ help: convert the identifier to snake case: `js_type_of_value`

warning: function `JS_GetLatin1StringCharsAndLength` should have a snake case name
   --> components\boa_bindings\js_compat\glue.rs:323:15
    |
323 | pub unsafe fn JS_GetLatin1StringCharsAndLength(
    |               ^^^^^^^^^^^^^^^^^^^^^^^^^^^^^^^^ help: convert the identifier to snake case: `js_get_latin1_string_chars_and_length`

warning: function `JS_GetTwoByteStringCharsAndLength` should have a snake case name
   --> components\boa_bindings\js_compat\glue.rs:333:15
    |
333 | pub unsafe fn JS_GetTwoByteStringCharsAndLength(
    |               ^^^^^^^^^^^^^^^^^^^^^^^^^^^^^^^^^ help: convert the identifier to snake case: `js_get_two_byte_string_chars_and_length`

warning: function `JS_StringHasLatin1Chars` should have a snake case name
   --> components\boa_bindings\js_compat\glue.rs:343:15
    |
343 | pub unsafe fn JS_StringHasLatin1Chars(_str: *mut JSString) -> bool {
    |               ^^^^^^^^^^^^^^^^^^^^^^^ help: convert the identifier to snake case: `js_string_has_latin1_chars`

warning: function `JS_GetStringLength` should have a snake case name
   --> components\boa_bindings\js_compat\glue.rs:348:15
    |
348 | pub unsafe fn JS_GetStringLength(_str: *mut JSString) -> usize {
    |               ^^^^^^^^^^^^^^^^^^ help: convert the identifier to snake case: `js_get_string_length`

warning: function `AppendToIdVector` should have a snake case name
   --> components\boa_bindings\js_compat\glue.rs:353:15
    |
353 | pub unsafe fn AppendToIdVector(
    |               ^^^^^^^^^^^^^^^^ help: convert the identifier to snake case: `append_to_id_vector`

warning: function `JS_FlattenString` should have a snake case name
   --> components\boa_bindings\js_compat\glue.rs:364:15
    |
364 | pub unsafe fn JS_FlattenString(_cx: *mut RawJSContext, _str: *mut JSString) -> *mut JSFlatString {
    |               ^^^^^^^^^^^^^^^^ help: convert the identifier to snake case: `js_flatten_string`

warning: function `GetFlatStringChars` should have a snake case name
   --> components\boa_bindings\js_compat\glue.rs:369:15
    |
369 | pub unsafe fn GetFlatStringChars(_flat: *const JSFlatString) -> *const u16 {
    |               ^^^^^^^^^^^^^^^^^^ help: convert the identifier to snake case: `get_flat_string_chars`

warning: function `JS_NewStringCopyN` should have a snake case name
   --> components\boa_bindings\js_compat\glue.rs:374:15
    |
374 | pub unsafe fn JS_NewStringCopyN(_cx: *mut RawJSContext, _chars: *const i8, _len: usize) -> *mut JSString {
    |               ^^^^^^^^^^^^^^^^^ help: convert the identifier to snake case: `js_new_string_copy_n`

warning: function `JS_NewUCStringCopyN` should have a snake case name
   --> components\boa_bindings\js_compat\glue.rs:379:15
    |
379 | pub unsafe fn JS_NewUCStringCopyN(_cx: *mut RawJSContext, _chars: *const u16, _len: usize) -> *mut JSString {
    |               ^^^^^^^^^^^^^^^^^^^ help: convert the identifier to snake case: `js_new_ucstring_copy_n`

warning: function `JS_AtomizeAndPinString` should have a snake case name
   --> components\boa_bindings\js_compat\glue.rs:384:15
    |
384 | pub unsafe fn JS_AtomizeAndPinString(_cx: *mut RawJSContext, _chars: *const i8) -> *mut JSString {
    |               ^^^^^^^^^^^^^^^^^^^^^^ help: convert the identifier to snake case: `js_atomize_and_pin_string`

warning: function `Evaluate` should have a snake case name
   --> components\boa_bindings\js_compat\glue.rs:389:15
    |
389 | pub unsafe fn Evaluate(
    |               ^^^^^^^^ help: convert the identifier to snake case: `evaluate`

warning: function `Compile` should have a snake case name
   --> components\boa_bindings\js_compat\glue.rs:400:15
    |
400 | pub unsafe fn Compile(
    |               ^^^^^^^ help: convert the identifier to snake case (notice the capitalization): `compile`

warning: function `GetWellKnownSymbol` should have a snake case name
   --> components\boa_bindings\js_compat\glue.rs:431:15
    |
431 | pub unsafe fn GetWellKnownSymbol(_cx: *mut RawJSContext, _which: SymbolCode) -> *mut JSString {
    |               ^^^^^^^^^^^^^^^^^^ help: convert the identifier to snake case: `get_well_known_symbol`

warning: function `NewProxyObject` should have a snake case name
   --> components\boa_bindings\js_compat\glue.rs:439:15
    |
439 | pub unsafe fn NewProxyObject(
    |               ^^^^^^^^^^^^^^ help: convert the identifier to snake case: `new_proxy_object`

warning: function `GetProxyPrivate` should have a snake case name
   --> components\boa_bindings\js_compat\glue.rs:450:15
    |
450 | pub unsafe fn GetProxyPrivate(_obj: *mut JSObject, val: &mut Value) {
    |               ^^^^^^^^^^^^^^^ help: convert the identifier to snake case: `get_proxy_private`

warning: function `SetProxyPrivate` should have a snake case name
   --> components\boa_bindings\js_compat\glue.rs:455:15
    |
455 | pub unsafe fn SetProxyPrivate(_obj: *mut JSObject, _priv: &Value) {
    |               ^^^^^^^^^^^^^^^ help: convert the identifier to snake case: `set_proxy_private`

warning: function `GetProxyHandler` should have a snake case name
   --> components\boa_bindings\js_compat\glue.rs:459:15
    |
459 | pub unsafe fn GetProxyHandler(_obj: *mut JSObject) -> *const ProxyHandler {
    |               ^^^^^^^^^^^^^^^ help: convert the identifier to snake case: `get_proxy_handler`

warning: function `IsProxy` should have a snake case name
   --> components\boa_bindings\js_compat\glue.rs:464:15
    |
464 | pub unsafe fn IsProxy(_obj: *mut JSObject) -> bool {
    |               ^^^^^^^ help: convert the identifier to snake case: `is_proxy`

warning: function `UnwrapObjectDynamic` should have a snake case name
   --> components\boa_bindings\js_compat\glue.rs:472:15
    |
472 | pub unsafe fn UnwrapObjectDynamic(
    |               ^^^^^^^^^^^^^^^^^^^ help: convert the identifier to snake case: `unwrap_object_dynamic`

warning: variable `_stopAtWindowProxy` should have a snake case name
   --> components\boa_bindings\js_compat\glue.rs:475:5
    |
475 |     _stopAtWindowProxy: bool,
    |     ^^^^^^^^^^^^^^^^^^ help: convert the identifier to snake case: `_stop_at_window_proxy`

warning: function `UnwrapObjectStatic` should have a snake case name
   --> components\boa_bindings\js_compat\glue.rs:481:15
    |
481 | pub unsafe fn UnwrapObjectStatic(_obj: *mut JSObject) -> *mut JSObject {
    |               ^^^^^^^^^^^^^^^^^^ help: convert the identifier to snake case: `unwrap_object_static`

warning: function `DestroyRustJSPrincipals` should have a snake case name
   --> components\boa_bindings\js_compat\glue.rs:492:15
    |
492 | pub unsafe fn DestroyRustJSPrincipals(_principals: *mut c_void) {
    |               ^^^^^^^^^^^^^^^^^^^^^^^ help: convert the identifier to snake case: `destroy_rust_jsprincipals`

warning: function `GetRustJSPrincipalsPrivate` should have a snake case name
   --> components\boa_bindings\js_compat\glue.rs:496:15
    |
496 | pub unsafe fn GetRustJSPrincipalsPrivate(_principals: *mut JSPrincipals) -> *mut c_void {
    |               ^^^^^^^^^^^^^^^^^^^^^^^^^^ help: convert the identifier to snake case: `get_rust_jsprincipals_private`

warning: function `CallScriptTracer` should have a snake case name
   --> components\boa_bindings\js_compat\glue.rs:501:15
    |
501 | pub unsafe fn CallScriptTracer(
    |               ^^^^^^^^^^^^^^^^ help: convert the identifier to snake case: `call_script_tracer`

warning: function `CallStringTracer` should have a snake case name
   --> components\boa_bindings\js_compat\glue.rs:509:15
    |
509 | pub unsafe fn CallStringTracer(
    |               ^^^^^^^^^^^^^^^^ help: convert the identifier to snake case: `call_string_tracer`

warning: function `CallValueTracer` should have a snake case name
   --> components\boa_bindings\js_compat\glue.rs:517:15
    |
517 | pub unsafe fn CallValueTracer(
    |               ^^^^^^^^^^^^^^^ help: convert the identifier to snake case: `call_value_tracer`

warning: function `CallObjectTracer` should have a snake case name
   --> components\boa_bindings\js_compat\glue.rs:525:15
    |
525 | pub unsafe fn CallObjectTracer(
    |               ^^^^^^^^^^^^^^^^ help: convert the identifier to snake case: `call_object_tracer`

warning: function `CopyJSStructuredCloneData` should have a snake case name
   --> components\boa_bindings\js_compat\glue.rs:543:15
    |
543 | pub unsafe fn CopyJSStructuredCloneData(
    |               ^^^^^^^^^^^^^^^^^^^^^^^^^ help: convert the identifier to snake case: `copy_jsstructured_clone_data`

warning: function `GetLengthOfJSStructuredCloneData` should have a snake case name
   --> components\boa_bindings\js_compat\glue.rs:552:15
    |
552 | pub unsafe fn GetLengthOfJSStructuredCloneData(_data: *const JSStructuredCloneData) -> usize {
    |               ^^^^^^^^^^^^^^^^^^^^^^^^^^^^^^^^ help: convert the identifier to snake case: `get_length_of_jsstructured_clone_data`

warning: function `WriteBytesToJSStructuredCloneData` should have a snake case name
   --> components\boa_bindings\js_compat\glue.rs:557:15
    |
557 | pub unsafe fn WriteBytesToJSStructuredCloneData(
    |               ^^^^^^^^^^^^^^^^^^^^^^^^^^^^^^^^^ help: convert the identifier to snake case: `write_bytes_to_jsstructured_clone_data`

warning: structure field `getOwnPropertyDescriptor` should have a snake case name
   --> components\boa_bindings\js_compat\glue.rs:573:9
    |
573 |     pub getOwnPropertyDescriptor: Option<unsafe extern "C" fn() -> bool>,
    |         ^^^^^^^^^^^^^^^^^^^^^^^^ help: convert the identifier to snake case: `get_own_property_descriptor`

warning: structure field `defineProperty` should have a snake case name
   --> components\boa_bindings\js_compat\glue.rs:574:9
    |
574 |     pub defineProperty: Option<unsafe extern "C" fn() -> bool>,
    |         ^^^^^^^^^^^^^^ help: convert the identifier to snake case: `define_property`

warning: structure field `ownPropertyKeys` should have a snake case name
   --> components\boa_bindings\js_compat\glue.rs:575:9
    |
575 |     pub ownPropertyKeys: Option<unsafe extern "C" fn() -> bool>,
    |         ^^^^^^^^^^^^^^^ help: convert the identifier to snake case: `own_property_keys`

warning: structure field `getPrototypeIfOrdinary` should have a snake case name
   --> components\boa_bindings\js_compat\glue.rs:578:9
    |
578 |     pub getPrototypeIfOrdinary: Option<unsafe extern "C" fn() -> bool>,
    |         ^^^^^^^^^^^^^^^^^^^^^^ help: convert the identifier to snake case: `get_prototype_if_ordinary`

warning: structure field `getPrototype` should have a snake case name
   --> components\boa_bindings\js_compat\glue.rs:579:9
    |
579 |     pub getPrototype: Option<unsafe extern "C" fn() -> bool>,
    |         ^^^^^^^^^^^^ help: convert the identifier to snake case: `get_prototype`

warning: structure field `setPrototype` should have a snake case name
   --> components\boa_bindings\js_compat\glue.rs:580:9
    |
580 |     pub setPrototype: Option<unsafe extern "C" fn() -> bool>,
    |         ^^^^^^^^^^^^ help: convert the identifier to snake case: `set_prototype`

warning: structure field `setImmutablePrototype` should have a snake case name
   --> components\boa_bindings\js_compat\glue.rs:581:9
    |
581 |     pub setImmutablePrototype: Option<unsafe extern "C" fn() -> bool>,
    |         ^^^^^^^^^^^^^^^^^^^^^ help: convert the identifier to snake case: `set_immutable_prototype`

warning: structure field `preventExtensions` should have a snake case name
   --> components\boa_bindings\js_compat\glue.rs:582:9
    |
582 |     pub preventExtensions: Option<unsafe extern "C" fn() -> bool>,
    |         ^^^^^^^^^^^^^^^^^ help: convert the identifier to snake case: `prevent_extensions`

warning: structure field `isExtensible` should have a snake case name
   --> components\boa_bindings\js_compat\glue.rs:583:9
    |
583 |     pub isExtensible: Option<unsafe extern "C" fn() -> bool>,
    |         ^^^^^^^^^^^^ help: convert the identifier to snake case: `is_extensible`

warning: structure field `hasOwn` should have a snake case name
   --> components\boa_bindings\js_compat\glue.rs:589:9
    |
589 |     pub hasOwn: Option<unsafe extern "C" fn() -> bool>,
    |         ^^^^^^ help: convert the identifier to snake case: `has_own`

warning: structure field `getOwnEnumerablePropertyKeys` should have a snake case name
   --> components\boa_bindings\js_compat\glue.rs:590:9
    |
590 |     pub getOwnEnumerablePropertyKeys: Option<unsafe extern "C" fn() -> bool>,
    |         ^^^^^^^^^^^^^^^^^^^^^^^^^^^^ help: convert the identifier to snake case: `get_own_enumerable_property_keys`

warning: structure field `nativeCall` should have a snake case name
   --> components\boa_bindings\js_compat\glue.rs:591:9
    |
591 |     pub nativeCall: Option<unsafe extern "C" fn() -> bool>,
    |         ^^^^^^^^^^ help: convert the identifier to snake case: `native_call`

warning: structure field `objectClassIs` should have a snake case name
   --> components\boa_bindings\js_compat\glue.rs:592:9
    |
592 |     pub objectClassIs: Option<unsafe extern "C" fn() -> bool>,
    |         ^^^^^^^^^^^^^ help: convert the identifier to snake case: `object_class_is`

warning: structure field `className` should have a snake case name
   --> components\boa_bindings\js_compat\glue.rs:593:9
    |
593 |     pub className: Option<unsafe extern "C" fn() -> *const i8>,
    |         ^^^^^^^^^ help: convert the identifier to snake case: `class_name`

warning: structure field `fun_toString` should have a snake case name
   --> components\boa_bindings\js_compat\glue.rs:594:9
    |
594 |     pub fun_toString: Option<unsafe extern "C" fn() -> bool>,
    |         ^^^^^^^^^^^^ help: convert the identifier to snake case: `fun_to_string`

warning: structure field `boxedValue_unbox` should have a snake case name
   --> components\boa_bindings\js_compat\glue.rs:595:9
    |
595 |     pub boxedValue_unbox: Option<unsafe extern "C" fn() -> bool>,
    |         ^^^^^^^^^^^^^^^^ help: convert the identifier to snake case: `boxed_value_unbox`

warning: structure field `defaultValue` should have a snake case name
   --> components\boa_bindings\js_compat\glue.rs:596:9
    |
596 |     pub defaultValue: Option<unsafe extern "C" fn() -> bool>,
    |         ^^^^^^^^^^^^ help: convert the identifier to snake case: `default_value`

warning: structure field `objectMoved` should have a snake case name
   --> components\boa_bindings\js_compat\glue.rs:599:9
    |
599 |     pub objectMoved: Option<unsafe extern "C" fn() -> usize>,
    |         ^^^^^^^^^^^ help: convert the identifier to snake case: `object_moved`

warning: structure field `isCallable` should have a snake case name
   --> components\boa_bindings\js_compat\glue.rs:600:9
    |
600 |     pub isCallable: Option<unsafe extern "C" fn() -> bool>,
    |         ^^^^^^^^^^ help: convert the identifier to snake case: `is_callable`

warning: structure field `isConstructor` should have a snake case name
   --> components\boa_bindings\js_compat\glue.rs:601:9
    |
601 |     pub isConstructor: Option<unsafe extern "C" fn() -> bool>,
    |         ^^^^^^^^^^^^^ help: convert the identifier to snake case: `is_constructor`

warning: function `CreateWrapperProxyHandler` should have a snake case name
   --> components\boa_bindings\js_compat\glue.rs:642:15
    |
642 | pub unsafe fn CreateWrapperProxyHandler(
    |               ^^^^^^^^^^^^^^^^^^^^^^^^^ help: convert the identifier to snake case: `create_wrapper_proxy_handler`

warning: function `DeleteWrapperProxyHandler` should have a snake case name
   --> components\boa_bindings\js_compat\glue.rs:649:15
    |
649 | pub unsafe fn DeleteWrapperProxyHandler(_handler: *const c_void) {
    |               ^^^^^^^^^^^^^^^^^^^^^^^^^ help: convert the identifier to snake case: `delete_wrapper_proxy_handler`

warning: function `GetProxyReservedSlot` should have a snake case name
   --> components\boa_bindings\js_compat\glue.rs:653:15
    |
653 | pub unsafe fn GetProxyReservedSlot(
    |               ^^^^^^^^^^^^^^^^^^^^ help: convert the identifier to snake case: `get_proxy_reserved_slot`

warning: function `SetProxyReservedSlot` should have a snake case name
   --> components\boa_bindings\js_compat\glue.rs:662:15
    |
662 | pub unsafe fn SetProxyReservedSlot(
    |               ^^^^^^^^^^^^^^^^^^^^ help: convert the identifier to snake case: `set_proxy_reserved_slot`

warning: function `DumpJSStack` should have a snake case name
   --> components\boa_bindings\js_compat\glue.rs:670:15
    |
670 | pub unsafe fn DumpJSStack(_cx: *mut RawJSContext) {
    |               ^^^^^^^^^^^ help: convert the identifier to snake case: `dump_jsstack`

warning: function `CollectServoSizes` should have a snake case name
   --> components\boa_bindings\js_compat\glue.rs:679:15
    |
679 | pub unsafe fn CollectServoSizes(
    |               ^^^^^^^^^^^^^^^^^ help: convert the identifier to snake case: `collect_servo_sizes`

warning: function `CreateJobQueue` should have a snake case name
   --> components\boa_bindings\js_compat\glue.rs:705:15
    |
705 | pub unsafe fn CreateJobQueue(
    |               ^^^^^^^^^^^^^^ help: convert the identifier to snake case: `create_job_queue`

warning: function `DeleteJobQueue` should have a snake case name
   --> components\boa_bindings\js_compat\glue.rs:713:15
    |
713 | pub unsafe fn DeleteJobQueue(_queue: *mut super::jsapi::JobQueue) {
    |               ^^^^^^^^^^^^^^ help: convert the identifier to snake case: `delete_job_queue`

warning: function `DispatchableRun` should have a snake case name
   --> components\boa_bindings\js_compat\glue.rs:720:15
    |
720 | pub unsafe fn DispatchableRun(
    |               ^^^^^^^^^^^^^^^ help: convert the identifier to snake case: `dispatchable_run`

warning: function `RUST_js_GetErrorMessage` should have a snake case name
   --> components\boa_bindings\js_compat\glue.rs:727:15
    |
727 | pub unsafe fn RUST_js_GetErrorMessage(
    |               ^^^^^^^^^^^^^^^^^^^^^^^ help: convert the identifier to snake case: `rust_js_get_error_message`

warning: function `JS_GetReservedSlot` should have a snake case name
   --> components\boa_bindings\js_compat\glue.rs:743:15
    |
743 | pub unsafe fn JS_GetReservedSlot(
    |               ^^^^^^^^^^^^^^^^^^ help: convert the identifier to snake case: `js_get_reserved_slot`

warning: function `SetBuildId` should have a snake case name
   --> components\boa_bindings\js_compat\glue.rs:752:15
    |
752 | pub unsafe fn SetBuildId(_build_id: *const super::jsapi::BuildIdCharVector) -> bool {
    |               ^^^^^^^^^^ help: convert the identifier to snake case: `set_build_id`

warning: function `StreamConsumerConsumeChunk` should have a snake case name
   --> components\boa_bindings\js_compat\glue.rs:757:15
    |
757 | pub unsafe fn StreamConsumerConsumeChunk(
    |               ^^^^^^^^^^^^^^^^^^^^^^^^^^ help: convert the identifier to snake case: `stream_consumer_consume_chunk`

warning: function `StreamConsumerNoteResponseURLs` should have a snake case name
   --> components\boa_bindings\js_compat\glue.rs:766:15
    |
766 | pub unsafe fn StreamConsumerNoteResponseURLs(
    |               ^^^^^^^^^^^^^^^^^^^^^^^^^^^^^^ help: convert the identifier to snake case: `stream_consumer_note_response_urls`

warning: function `StreamConsumerStreamEnd` should have a snake case name
   --> components\boa_bindings\js_compat\glue.rs:774:15
    |
774 | pub unsafe fn StreamConsumerStreamEnd(
    |               ^^^^^^^^^^^^^^^^^^^^^^^ help: convert the identifier to snake case: `stream_consumer_stream_end`

warning: function `StreamConsumerStreamError` should have a snake case name
   --> components\boa_bindings\js_compat\glue.rs:780:15
    |
780 | pub unsafe fn StreamConsumerStreamError(
    |               ^^^^^^^^^^^^^^^^^^^^^^^^^ help: convert the identifier to snake case: `stream_consumer_stream_error`

warning: function `GetWindowProxyClass` should have a snake case name
   --> components\boa_bindings\js_compat\glue.rs:787:15
    |
787 | pub unsafe fn GetWindowProxyClass() -> *const super::jsapi::JSClass {
    |               ^^^^^^^^^^^^^^^^^^^ help: convert the identifier to snake case: `get_window_proxy_class`

warning: function `CreateProxyHandler` should have a snake case name
   --> components\boa_bindings\js_compat\glue.rs:792:15
    |
792 | pub unsafe fn CreateProxyHandler(
    |               ^^^^^^^^^^^^^^^^^^ help: convert the identifier to snake case: `create_proxy_handler`

warning: function `GetProxyHandlerExtra` should have a snake case name
   --> components\boa_bindings\js_compat\glue.rs:804:15
    |
804 | pub unsafe fn GetProxyHandlerExtra(_obj: *mut JSObject) -> *const c_void {
    |               ^^^^^^^^^^^^^^^^^^^^ help: convert the identifier to snake case: `get_proxy_handler_extra`

warning: function `IsProxyHandlerFamily` should have a snake case name
   --> components\boa_bindings\js_compat\glue.rs:811:15
    |
811 | pub unsafe fn IsProxyHandlerFamily(_obj: *mut JSObject) -> bool {
    |               ^^^^^^^^^^^^^^^^^^^^ help: convert the identifier to snake case: `is_proxy_handler_family`

warning: function `UncheckedUnwrapObject` should have a snake case name
   --> components\boa_bindings\js_compat\glue.rs:816:15
    |
816 | pub unsafe fn UncheckedUnwrapObject(
    |               ^^^^^^^^^^^^^^^^^^^^^ help: convert the identifier to snake case: `unchecked_unwrap_object`

warning: function `CreateRustJSPrincipals` should have a snake case name
   --> components\boa_bindings\js_compat\glue.rs:824:15
    |
824 | pub unsafe fn CreateRustJSPrincipals(
    |               ^^^^^^^^^^^^^^^^^^^^^^ help: convert the identifier to snake case: `create_rust_jsprincipals`

warning: function `GetProxyHandlerFamily` should have a snake case name
   --> components\boa_bindings\js_compat\glue.rs:833:15
    |
833 | pub unsafe fn GetProxyHandlerFamily() -> *const c_void {
    |               ^^^^^^^^^^^^^^^^^^^^^ help: convert the identifier to snake case: `get_proxy_handler_family`

warning: function `InvokeGetOwnPropertyDescriptor` should have a snake case name
   --> components\boa_bindings\js_compat\glue.rs:840:15
    |
840 | pub unsafe fn InvokeGetOwnPropertyDescriptor(
    |               ^^^^^^^^^^^^^^^^^^^^^^^^^^^^^^ help: convert the identifier to snake case: `invoke_get_own_property_descriptor`

warning: structure field `staticMethod` should have a snake case name
   --> components\boa_bindings\js_compat\glue.rs:862:9
    |
862 |     pub staticMethod: Option<unsafe extern "C" fn(*mut RawJSContext, u32, *mut super::jsapi::Value) -> bool>,
    |         ^^^^^^^^^^^^ help: convert the identifier to snake case: `static_method`

warning: structure field `protoID` should have a snake case name
   --> components\boa_bindings\js_compat\glue.rs:875:9
    |
875 |     pub protoID: u16,
    |         ^^^^^^^ help: convert the identifier to snake case: `proto_id`

warning: structure field `returnType_` should have a snake case name
   --> components\boa_bindings\js_compat\glue.rs:903:9
    |
903 |     pub returnType_: u8,
    |         ^^^^^^^^^^^ help: convert the identifier to snake case: `return_type`

warning: structure field `aliasSet_` should have a snake case name
   --> components\boa_bindings\js_compat\glue.rs:904:9
    |
904 |     pub aliasSet_: u8,
    |         ^^^^^^^^^ help: convert the identifier to snake case: `alias_set`

warning: structure field `isInfallible_` should have a snake case name
   --> components\boa_bindings\js_compat\glue.rs:905:9
    |
905 |     pub isInfallible_: bool,
    |         ^^^^^^^^^^^^^ help: convert the identifier to snake case: `is_infallible`

warning: structure field `isMovable_` should have a snake case name
   --> components\boa_bindings\js_compat\glue.rs:906:9
    |
906 |     pub isMovable_: bool,
    |         ^^^^^^^^^^ help: convert the identifier to snake case: `is_movable`

warning: structure field `isEliminatable_` should have a snake case name
   --> components\boa_bindings\js_compat\glue.rs:907:9
    |
907 |     pub isEliminatable_: bool,
    |         ^^^^^^^^^^^^^^^ help: convert the identifier to snake case: `is_eliminatable`

warning: structure field `isAlwaysInSlot_` should have a snake case name
   --> components\boa_bindings\js_compat\glue.rs:908:9
    |
908 |     pub isAlwaysInSlot_: bool,
    |         ^^^^^^^^^^^^^^^ help: convert the identifier to snake case: `is_always_in_slot`

warning: structure field `isLazilyCachedInSlot_` should have a snake case name
   --> components\boa_bindings\js_compat\glue.rs:909:9
    |
909 |     pub isLazilyCachedInSlot_: bool,
    |         ^^^^^^^^^^^^^^^^^^^^^ help: convert the identifier to snake case: `is_lazily_cached_in_slot`

warning: structure field `isTypedMethod_` should have a snake case name
   --> components\boa_bindings\js_compat\glue.rs:910:9
    |
910 |     pub isTypedMethod_: bool,
    |         ^^^^^^^^^^^^^^ help: convert the identifier to snake case: `is_typed_method`

warning: structure field `slotIndex_` should have a snake case name
   --> components\boa_bindings\js_compat\glue.rs:911:9
    |
911 |     pub slotIndex_: u8,
    |         ^^^^^^^^^^ help: convert the identifier to snake case: `slot_index`

warning: function `CallJitGetterOp` should have a snake case name
   --> components\boa_bindings\js_compat\glue.rs:934:26
    |
934 | pub unsafe extern "C" fn CallJitGetterOp(
    |                          ^^^^^^^^^^^^^^^ help: convert the identifier to snake case: `call_jit_getter_op`

warning: function `CallJitSetterOp` should have a snake case name
   --> components\boa_bindings\js_compat\glue.rs:946:26
    |
946 | pub unsafe extern "C" fn CallJitSetterOp(
    |                          ^^^^^^^^^^^^^^^ help: convert the identifier to snake case: `call_jit_setter_op`

warning: function `CallJitMethodOp` should have a snake case name
   --> components\boa_bindings\js_compat\glue.rs:958:26
    |
958 | pub unsafe extern "C" fn CallJitMethodOp(
    |                          ^^^^^^^^^^^^^^^ help: convert the identifier to snake case: `call_jit_method_op`

warning: function `RUST_FUNCTION_VALUE_TO_JITINFO` should have a snake case name
   --> components\boa_bindings\js_compat\glue.rs:970:15
    |
970 | pub unsafe fn RUST_FUNCTION_VALUE_TO_JITINFO(_v: super::jsapi::Value) -> *const JSJitInfo {
    |               ^^^^^^^^^^^^^^^^^^^^^^^^^^^^^^ help: convert the identifier to snake case: `rust_function_value_to_jitinfo`

warning: function `ContextOptionsRef` should have a snake case name
  --> components\boa_bindings\js_compat\context.rs:76:15
   |
76 | pub unsafe fn ContextOptionsRef(_cx: *mut RawJSContext) -> *mut ContextOptions {
   |               ^^^^^^^^^^^^^^^^^ help: convert the identifier to snake case: `context_options_ref`

warning: function `CurrentContext` should have a snake case name
   --> components\boa_bindings\js_compat\context.rs:107:8
    |
107 | pub fn CurrentContext() -> *mut RawJSContext {
    |        ^^^^^^^^^^^^^^ help: convert the identifier to snake case: `current_context`

warning: function `ReportOutOfMemory` should have a snake case name
   --> components\boa_bindings\js_compat\context.rs:112:15
    |
112 | pub unsafe fn ReportOutOfMemory(_cx: *mut RawJSContext) {
    |               ^^^^^^^^^^^^^^^^^ help: convert the identifier to snake case: `report_out_of_memory`

warning: function `JS_IsExceptionPending` should have a snake case name
   --> components\boa_bindings\js_compat\context.rs:116:15
    |
116 | pub unsafe fn JS_IsExceptionPending(_cx: *mut RawJSContext) -> bool {
    |               ^^^^^^^^^^^^^^^^^^^^^ help: convert the identifier to snake case: `js_is_exception_pending`

warning: function `JS_ClearPendingException` should have a snake case name
   --> components\boa_bindings\js_compat\context.rs:121:15
    |
121 | pub unsafe fn JS_ClearPendingException(_cx: *mut RawJSContext) {
    |               ^^^^^^^^^^^^^^^^^^^^^^^^ help: convert the identifier to snake case: `js_clear_pending_exception`

warning: function `JS_ReportErrorASCII` should have a snake case name
   --> components\boa_bindings\js_compat\context.rs:125:15
    |
125 | pub unsafe fn JS_ReportErrorASCII(_cx: *mut RawJSContext, _msg: *const i8) {
    |               ^^^^^^^^^^^^^^^^^^^ help: convert the identifier to snake case: `js_report_error_ascii`

warning: function `JS_ReportErrorFlagsAndNumberASCII` should have a snake case name
   --> components\boa_bindings\js_compat\context.rs:129:15
    |
129 | pub unsafe fn JS_ReportErrorFlagsAndNumberASCII(
    |               ^^^^^^^^^^^^^^^^^^^^^^^^^^^^^^^^^ help: convert the identifier to snake case: `js_report_error_flags_and_number_ascii`

warning: function `JS_ReportErrorNumberLatin1` should have a snake case name
   --> components\boa_bindings\js_compat\context.rs:138:15
    |
138 | pub unsafe fn JS_ReportErrorNumberLatin1(
    |               ^^^^^^^^^^^^^^^^^^^^^^^^^^ help: convert the identifier to snake case: `js_report_error_number_latin1`

warning: function `JS_ReportErrorNumberUC` should have a snake case name
   --> components\boa_bindings\js_compat\context.rs:147:15
    |
147 | pub unsafe fn JS_ReportErrorNumberUC(
    |               ^^^^^^^^^^^^^^^^^^^^^^ help: convert the identifier to snake case: `js_report_error_number_uc`

warning: function `JS_SetPendingException` should have a snake case name
   --> components\boa_bindings\js_compat\context.rs:156:15
    |
156 | pub unsafe fn JS_SetPendingException(
    |               ^^^^^^^^^^^^^^^^^^^^^^ help: convert the identifier to snake case: `js_set_pending_exception`

warning: function `JS_GetPendingException` should have a snake case name
   --> components\boa_bindings\js_compat\context.rs:164:15
    |
164 | pub unsafe fn JS_GetPendingException(
    |               ^^^^^^^^^^^^^^^^^^^^^^ help: convert the identifier to snake case: `js_get_pending_exception`

warning: function `JS_IsStopIteration` should have a snake case name
   --> components\boa_bindings\js_compat\context.rs:172:15
    |
172 | pub unsafe fn JS_IsStopIteration(_cx: *mut RawJSContext, _v: Value) -> bool {
    |               ^^^^^^^^^^^^^^^^^^ help: convert the identifier to snake case: `js_is_stop_iteration`

warning: function `JS_IsOnCurrentThread` should have a snake case name
   --> components\boa_bindings\js_compat\context.rs:177:15
    |
177 | pub unsafe fn JS_IsOnCurrentThread(_cx: *mut RawJSContext) -> bool {
    |               ^^^^^^^^^^^^^^^^^^^^ help: convert the identifier to snake case: `js_is_on_current_thread`

warning: function `JS_EnterRealm` should have a snake case name
   --> components\boa_bindings\js_compat\context.rs:182:15
    |
182 | pub unsafe fn JS_EnterRealm(_cx: *mut RawJSContext, _obj: HandleObject<'_>) -> *mut c_void {
    |               ^^^^^^^^^^^^^ help: convert the identifier to snake case: `js_enter_realm`

warning: function `JS_LeaveRealm` should have a snake case name
   --> components\boa_bindings\js_compat\context.rs:187:15
    |
187 | pub unsafe fn JS_LeaveRealm(_cx: *mut RawJSContext, _old_realm: *mut c_void) {
    |               ^^^^^^^^^^^^^ help: convert the identifier to snake case: `js_leave_realm`

warning: function `CurrentGlobalOrNull` should have a snake case name
   --> components\boa_bindings\js_compat\context.rs:191:15
    |
191 | pub unsafe fn CurrentGlobalOrNull(_cx: *mut RawJSContext) -> *mut JSObject {
    |               ^^^^^^^^^^^^^^^^^^^ help: convert the identifier to snake case: `current_global_or_null`

warning: function `GetRealmGlobalOrNull` should have a snake case name
   --> components\boa_bindings\js_compat\context.rs:196:15
    |
196 | pub unsafe fn GetRealmGlobalOrNull(_realm: *mut c_void) -> *mut JSObject {
    |               ^^^^^^^^^^^^^^^^^^^^ help: convert the identifier to snake case: `get_realm_global_or_null`

warning: function `JS_InitStandardClasses` should have a snake case name
   --> components\boa_bindings\js_compat\context.rs:201:15
    |
201 | pub unsafe fn JS_InitStandardClasses(_cx: *mut RawJSContext, _global: HandleObject<'_>) -> bool {
    |               ^^^^^^^^^^^^^^^^^^^^^^ help: convert the identifier to snake case: `js_init_standard_classes`

warning: function `JS_InitReflectParse` should have a snake case name
   --> components\boa_bindings\js_compat\context.rs:206:15
    |
206 | pub unsafe fn JS_InitReflectParse(_cx: *mut RawJSContext, _global: HandleObject<'_>) -> bool {
    |               ^^^^^^^^^^^^^^^^^^^ help: convert the identifier to snake case: `js_init_reflect_parse`

warning: function `JS_GetScriptFilename` should have a snake case name
   --> components\boa_bindings\js_compat\context.rs:211:15
    |
211 | pub unsafe fn JS_GetScriptFilename(_script: HandleObject<'_>) -> *const i8 {
    |               ^^^^^^^^^^^^^^^^^^^^ help: convert the identifier to snake case: `js_get_script_filename`

warning: function `JS_GetFunctionDisplayId` should have a snake case name
   --> components\boa_bindings\js_compat\context.rs:216:15
    |
216 | pub unsafe fn JS_GetFunctionDisplayId(_fun: *mut JSObject) -> *mut super::jsapi::JSString {
    |               ^^^^^^^^^^^^^^^^^^^^^^^ help: convert the identifier to snake case: `js_get_function_display_id`

warning: function `JS_RequestInterruptCallback` should have a snake case name
   --> components\boa_bindings\js_compat\context.rs:221:15
    |
221 | pub unsafe fn JS_RequestInterruptCallback(_cx: *mut RawJSContext) {
    |               ^^^^^^^^^^^^^^^^^^^^^^^^^^^ help: convert the identifier to snake case: `js_request_interrupt_callback`

warning: function `JS_DisableInterruptCallback` should have a snake case name
   --> components\boa_bindings\js_compat\context.rs:225:15
    |
225 | pub unsafe fn JS_DisableInterruptCallback(_cx: *mut RawJSContext) {
    |               ^^^^^^^^^^^^^^^^^^^^^^^^^^^ help: convert the identifier to snake case: `js_disable_interrupt_callback`

warning: function `JS_ResetInterruptCallback` should have a snake case name
   --> components\boa_bindings\js_compat\context.rs:229:15
    |
229 | pub unsafe fn JS_ResetInterruptCallback(_cx: *mut RawJSContext, _enable: bool) {
    |               ^^^^^^^^^^^^^^^^^^^^^^^^^ help: convert the identifier to snake case: `js_reset_interrupt_callback`

warning: function `JS_malloc` should have a snake case name
   --> components\boa_bindings\js_compat\context.rs:233:15
    |
233 | pub unsafe fn JS_malloc(_cx: *mut RawJSContext, _nbytes: usize) -> *mut c_void {
    |               ^^^^^^^^^ help: convert the identifier to snake case: `js_malloc`

warning: function `JS_free` should have a snake case name
   --> components\boa_bindings\js_compat\context.rs:238:15
    |
238 | pub unsafe fn JS_free(_cx: *mut RawJSContext, _p: *mut c_void) {
    |               ^^^^^^^ help: convert the identifier to snake case: `js_free`

warning: function `JS_realloc` should have a snake case name
   --> components\boa_bindings\js_compat\context.rs:242:15
    |
242 | pub unsafe fn JS_realloc(
    |               ^^^^^^^^^^ help: convert the identifier to snake case: `js_realloc`

warning: function `JS_AddRef` should have a snake case name
   --> components\boa_bindings\js_compat\context.rs:252:15
    |
252 | pub unsafe fn JS_AddRef(_cx: *mut RawJSContext) {
    |               ^^^^^^^^^ help: convert the identifier to snake case: `js_add_ref`

warning: function `JS_Release` should have a snake case name
   --> components\boa_bindings\js_compat\context.rs:256:15
    |
256 | pub unsafe fn JS_Release(_cx: *mut RawJSContext) {
    |               ^^^^^^^^^^ help: convert the identifier to snake case: `js_release`

warning: function `GetObjectRealm` should have a snake case name
   --> components\boa_bindings\js_compat\realm.rs:106:15
    |
106 | pub unsafe fn GetObjectRealm(_obj: *mut JSObject) -> *mut c_void {
    |               ^^^^^^^^^^^^^^ help: convert the identifier to snake case: `get_object_realm`

warning: function `GetCurrentRealmOrNull` should have a snake case name
   --> components\boa_bindings\js_compat\realm.rs:111:15
    |
111 | pub unsafe fn GetCurrentRealmOrNull(_cx: *mut RawJSContext) -> *mut c_void {
    |               ^^^^^^^^^^^^^^^^^^^^^ help: convert the identifier to snake case: `get_current_realm_or_null`

warning: function `EnterRealm` should have a snake case name
   --> components\boa_bindings\js_compat\realm.rs:116:15
    |
116 | pub unsafe fn EnterRealm(_cx: *mut RawJSContext, _realm: *mut c_void) {
    |               ^^^^^^^^^^ help: convert the identifier to snake case: `enter_realm`

warning: function `LeaveRealm` should have a snake case name
   --> components\boa_bindings\js_compat\realm.rs:120:15
    |
120 | pub unsafe fn LeaveRealm(_cx: *mut RawJSContext, _old_realm: *mut c_void) {
    |               ^^^^^^^^^^ help: convert the identifier to snake case: `leave_realm`

warning: function `GetRealmGlobalOrNull` should have a snake case name
   --> components\boa_bindings\js_compat\realm.rs:124:15
    |
124 | pub unsafe fn GetRealmGlobalOrNull(_realm: *mut c_void) -> *mut JSObject {
    |               ^^^^^^^^^^^^^^^^^^^^ help: convert the identifier to snake case: `get_realm_global_or_null`

warning: function `GetRealmObjectOrNull` should have a snake case name
   --> components\boa_bindings\js_compat\realm.rs:129:15
    |
129 | pub unsafe fn GetRealmObjectOrNull(_realm: *mut c_void) -> *mut JSObject {
    |               ^^^^^^^^^^^^^^^^^^^^ help: convert the identifier to snake case: `get_realm_object_or_null`

warning: function `NewRealm` should have a snake case name
   --> components\boa_bindings\js_compat\realm.rs:180:15
    |
180 | pub unsafe fn NewRealm(
    |               ^^^^^^^^ help: convert the identifier to snake case: `new_realm`

warning: function `DestroyRealm` should have a snake case name
   --> components\boa_bindings\js_compat\realm.rs:189:15
    |
189 | pub unsafe fn DestroyRealm(_realm: *mut c_void) {
    |               ^^^^^^^^^^^^ help: convert the identifier to snake case: `destroy_realm`

warning: function `SetRealmPrivate` should have a snake case name
   --> components\boa_bindings\js_compat\realm.rs:193:15
    |
193 | pub unsafe fn SetRealmPrivate(_realm: *mut c_void, _data: *mut c_void) {
    |               ^^^^^^^^^^^^^^^ help: convert the identifier to snake case: `set_realm_private`

warning: function `GetRealmPrivate` should have a snake case name
   --> components\boa_bindings\js_compat\realm.rs:197:15
    |
197 | pub unsafe fn GetRealmPrivate(_realm: *mut c_void) -> *mut c_void {
    |               ^^^^^^^^^^^^^^^ help: convert the identifier to snake case: `get_realm_private`

warning: function `RealmsIter` should have a snake case name
   --> components\boa_bindings\js_compat\realm.rs:215:15
    |
215 | pub unsafe fn RealmsIter(_cx: *mut RawJSContext) -> RealmIterator {
    |               ^^^^^^^^^^ help: convert the identifier to snake case: `realms_iter`

warning: function `JS_SetErrorReporter` should have a snake case name
  --> components\boa_bindings\js_compat\error.rs:51:15
   |
51 | pub unsafe fn JS_SetErrorReporter(
   |               ^^^^^^^^^^^^^^^^^^^ help: convert the identifier to snake case: `js_set_error_reporter`

warning: function `JS_GetErrorReporter` should have a snake case name
  --> components\boa_bindings\js_compat\error.rs:58:15
   |
58 | pub unsafe fn JS_GetErrorReporter(
   |               ^^^^^^^^^^^^^^^^^^^ help: convert the identifier to snake case: `js_get_error_reporter`

warning: function `GetPendingExceptionStack` should have a snake case name
  --> components\boa_bindings\js_compat\error.rs:81:15
   |
81 | pub unsafe fn GetPendingExceptionStack(
   |               ^^^^^^^^^^^^^^^^^^^^^^^^ help: convert the identifier to snake case: `get_pending_exception_stack`

warning: function `SetPendingExceptionStack` should have a snake case name
  --> components\boa_bindings\js_compat\error.rs:89:15
   |
89 | pub unsafe fn SetPendingExceptionStack(
   |               ^^^^^^^^^^^^^^^^^^^^^^^^ help: convert the identifier to snake case: `set_pending_exception_stack`

warning: function `JS_NewError` should have a snake case name
   --> components\boa_bindings\js_compat\error.rs:116:15
    |
116 | pub unsafe fn JS_NewError(
    |               ^^^^^^^^^^^ help: convert the identifier to snake case: `js_new_error`

warning: function `JS_NewTypeError` should have a snake case name
   --> components\boa_bindings\js_compat\error.rs:125:15
    |
125 | pub unsafe fn JS_NewTypeError(
    |               ^^^^^^^^^^^^^^^ help: convert the identifier to snake case: `js_new_type_error`

warning: function `JS_NewRangeError` should have a snake case name
   --> components\boa_bindings\js_compat\error.rs:133:15
    |
133 | pub unsafe fn JS_NewRangeError(
    |               ^^^^^^^^^^^^^^^^ help: convert the identifier to snake case: `js_new_range_error`

warning: function `JS_NewSyntaxError` should have a snake case name
   --> components\boa_bindings\js_compat\error.rs:141:15
    |
141 | pub unsafe fn JS_NewSyntaxError(
    |               ^^^^^^^^^^^^^^^^^ help: convert the identifier to snake case: `js_new_syntax_error`

warning: function `JS_NewURIError` should have a snake case name
   --> components\boa_bindings\js_compat\error.rs:149:15
    |
149 | pub unsafe fn JS_NewURIError(
    |               ^^^^^^^^^^^^^^ help: convert the identifier to snake case: `js_new_urierror`

warning: function `JS_NewReferenceError` should have a snake case name
   --> components\boa_bindings\js_compat\error.rs:157:15
    |
157 | pub unsafe fn JS_NewReferenceError(
    |               ^^^^^^^^^^^^^^^^^^^^ help: convert the identifier to snake case: `js_new_reference_error`

warning: function `JS_NewEvalError` should have a snake case name
   --> components\boa_bindings\js_compat\error.rs:165:15
    |
165 | pub unsafe fn JS_NewEvalError(
    |               ^^^^^^^^^^^^^^^ help: convert the identifier to snake case: `js_new_eval_error`

warning: function `ThrowTypeError` should have a snake case name
   --> components\boa_bindings\js_compat\error.rs:173:15
    |
173 | pub unsafe fn ThrowTypeError(
    |               ^^^^^^^^^^^^^^ help: convert the identifier to snake case: `throw_type_error`

warning: function `ThrowRangeError` should have a snake case name
   --> components\boa_bindings\js_compat\error.rs:181:15
    |
181 | pub unsafe fn ThrowRangeError(
    |               ^^^^^^^^^^^^^^^ help: convert the identifier to snake case: `throw_range_error`

warning: function `ThrowSyntaxError` should have a snake case name
   --> components\boa_bindings\js_compat\error.rs:189:15
    |
189 | pub unsafe fn ThrowSyntaxError(
    |               ^^^^^^^^^^^^^^^^ help: convert the identifier to snake case: `throw_syntax_error`

warning: function `ReportException` should have a snake case name
   --> components\boa_bindings\js_compat\error.rs:197:15
    |
197 | pub unsafe fn ReportException(_cx: *mut RawJSContext) -> bool {
    |               ^^^^^^^^^^^^^^^ help: convert the identifier to snake case: `report_exception`

warning: function `IsUncatchableException` should have a snake case name
   --> components\boa_bindings\js_compat\error.rs:202:15
    |
202 | pub unsafe fn IsUncatchableException(_cx: *mut RawJSContext, _val: HandleValue<'_>) -> bool {
    |               ^^^^^^^^^^^^^^^^^^^^^^ help: convert the identifier to snake case: `is_uncatchable_exception`

warning: function `CaptureCurrentStack` should have a snake case name
   --> components\boa_bindings\js_compat\error.rs:207:15
    |
207 | pub unsafe fn CaptureCurrentStack(
    |               ^^^^^^^^^^^^^^^^^^^ help: convert the identifier to snake case: `capture_current_stack`

warning: function `BuildStackString` should have a snake case name
   --> components\boa_bindings\js_compat\error.rs:216:15
    |
216 | pub unsafe fn BuildStackString(
    |               ^^^^^^^^^^^^^^^^ help: convert the identifier to snake case: `build_stack_string`

warning: function `JS_SetErrorMessageCallback` should have a snake case name
   --> components\boa_bindings\js_compat\error.rs:243:15
    |
243 | pub unsafe fn JS_SetErrorMessageCallback(
    |               ^^^^^^^^^^^^^^^^^^^^^^^^^^ help: convert the identifier to snake case: `js_set_error_message_callback`

warning: function `GetWellKnownSymbolKey` should have a snake case name
  --> components\boa_bindings\js_compat\jsid_types.rs:46:15
   |
46 | pub unsafe fn GetWellKnownSymbolKey(_cx: *mut RawJSContext, code: SymbolCode) -> jsid {
   |               ^^^^^^^^^^^^^^^^^^^^^ help: convert the identifier to snake case: `get_well_known_symbol_key`

warning: function `PROTO_OR_IFACE_LENGTH` should have a snake case name
   --> components\boa_bindings\lib.rs:183:12
    |
183 |     pub fn PROTO_OR_IFACE_LENGTH() -> usize {
    |            ^^^^^^^^^^^^^^^^^^^^^ help: convert the identifier to snake case: `proto_or_iface_length`

For more information about this error, try `rustc --explain E0133`.
warning: `boa_bindings` (lib) generated 635 warnings (run `cargo fix --lib -p boa_bindings` to apply 54 suggestions)
warning: unused import: `crate::js::jsval::JSVal`
  --> components\script_bindings\callback.rs:12:9
   |
12 |     use crate::js::jsval::JSVal;
   |         ^^^^^^^^^^^^^^^^^^^^^^^
   |
   = note: `#[warn(unused_imports)]` (part of `#[warn(unused)]`) on by default

warning: unused import: `IsWindowProxy`
  --> components\script_bindings\conversions.rs:16:11
   |
16 |     Heap, IsWindowProxy, JS_DeprecatedStringHasLatin1Chars, JS_GetLatin1StringCharsAndLength,
   |           ^^^^^^^^^^^^^

warning: unused import: `crate::js::rust::wrappers::IsArrayObject`
  --> components\script_bindings\conversions.rs:20:5
   |
20 | use crate::js::rust::wrappers::IsArrayObject;
   |     ^^^^^^^^^^^^^^^^^^^^^^^^^^^^^^^^^^^^^^^^

warning: unused import: `keyboard_types::Modifiers`
  --> components\script_bindings\conversions.rs:25:5
   |
25 | use keyboard_types::Modifiers;
   |     ^^^^^^^^^^^^^^^^^^^^^^^^^

warning: unused import: `crate::codegen::GenericBindings::EventModifierInitBinding::EventModifierInit`
  --> components\script_bindings\conversions.rs:29:5
   |
29 | use crate::codegen::GenericBindings::EventModifierInitBinding::EventModifierInit;
   |     ^^^^^^^^^^^^^^^^^^^^^^^^^^^^^^^^^^^^^^^^^^^^^^^^^^^^^^^^^^^^^^^^^^^^^^^^^^^^

warning: unused import: `crate::interfaces::GlobalScopeHelpers`
  --> components\script_bindings\guard.rs:13:5
   |
13 | use crate::interfaces::GlobalScopeHelpers;
   |     ^^^^^^^^^^^^^^^^^^^^^^^^^^^^^^^^^^^^^

warning: unused imports: `AlreadyInRealm` and `InRealm`
  --> components\script_bindings\guard.rs:14:21
   |
14 | use crate::realms::{AlreadyInRealm, InRealm};
   |                     ^^^^^^^^^^^^^^  ^^^^^^^

warning: unused import: `std::ptr`
 --> components\script_bindings\import.rs:6:20
  |
6 |     pub(crate) use std::ptr;
  |                    ^^^^^^^^

warning: unused import: `std::rc::Rc`
 --> components\script_bindings\import.rs:7:20
  |
7 |     pub(crate) use std::rc::Rc;
  |                    ^^^^^^^^^^^

warning: unused imports: `ConversionBehavior`, `ConversionResult`, `FromJSValConvertible`, and `ToJSValConvertible`
  --> components\script_bindings\import.rs:12:9
   |
12 |         ConversionBehavior, ConversionResult, FromJSValConvertible, ToJSValConvertible,
   |         ^^^^^^^^^^^^^^^^^^  ^^^^^^^^^^^^^^^^  ^^^^^^^^^^^^^^^^^^^^  ^^^^^^^^^^^^^^^^^^

warning: unused import: `crate::js::error::throw_type_error`
  --> components\script_bindings\import.rs:14:20
   |
14 |     pub(crate) use crate::js::error::throw_type_error;
   |                    ^^^^^^^^^^^^^^^^^^^^^^^^^^^^^^^^^^

warning: unused imports: `HandleValue as RawHandleValue`, `HandleValueArray`, `Heap`, `IsCallable`, `JSObject`, and `JS_NewObject`
  --> components\script_bindings\import.rs:16:9
   |
16 |         HandleValue as RawHandleValue, HandleValueArray, Heap, IsCallable, JS_NewObject, JSObject,
   |         ^^^^^^^^^^^^^^^^^^^^^^^^^^^^^  ^^^^^^^^^^^^^^^^  ^^^^  ^^^^^^^^^^  ^^^^^^^^^^^^  ^^^^^^^^

warning: unused imports: `JSVal`, `NullValue`, `ObjectOrNullValue`, `ObjectValue`, and `UndefinedValue`
  --> components\script_bindings\import.rs:18:39
   |
18 |     pub(crate) use crate::js::jsval::{JSVal, NullValue, ObjectOrNullValue, ObjectValue, UndefinedValue};
   |                                       ^^^^^  ^^^^^^^^^  ^^^^^^^^^^^^^^^^^  ^^^^^^^^^^^  ^^^^^^^^^^^^^^

warning: unused import: `crate::js::panic::maybe_resume_unwind`
  --> components\script_bindings\import.rs:19:20
   |
19 |     pub(crate) use crate::js::panic::maybe_resume_unwind;
   |                    ^^^^^^^^^^^^^^^^^^^^^^^^^^^^^^^^^^^^^

warning: unused import: `crate::js::rust::wrappers::Call`
  --> components\script_bindings\import.rs:22:20
   |
22 |     pub(crate) use crate::js::rust::wrappers::Call;
   |                    ^^^^^^^^^^^^^^^^^^^^^^^^^^^^^^^

warning: unused imports: `HandleObject`, `HandleValue`, `MutableHandleObject`, and `MutableHandleValue`
  --> components\script_bindings\import.rs:23:38
   |
23 |     pub(crate) use crate::js::rust::{HandleObject, HandleValue, MutableHandleObject, MutableHandleValue};
   |                                      ^^^^^^^^^^^^  ^^^^^^^^^^^  ^^^^^^^^^^^^^^^^^^^  ^^^^^^^^^^^^^^^^^^

warning: unused imports: `ArrayBufferView`, `ArrayBuffer`, `Float32Array`, `Float64Array`, `Uint8Array`, and `Uint8ClampedArray`
  --> components\script_bindings\import.rs:25:9
   |
25 |         ArrayBuffer, ArrayBufferView, Float32Array, Float64Array, Uint8Array, Uint8ClampedArray,
   |         ^^^^^^^^^^^  ^^^^^^^^^^^^^^^  ^^^^^^^^^^^^  ^^^^^^^^^^^^  ^^^^^^^^^^  ^^^^^^^^^^^^^^^^^

warning: unused imports: `CallSetup`, `CallbackContainer`, `CallbackFunction`, `CallbackInterface`, `CallbackObject`, `ExceptionHandling`, `ThisReflector`, and `wrap_call_this_value`
  --> components\script_bindings\import.rs:29:9
   |
29 |         CallSetup, CallbackContainer, CallbackFunction, CallbackInterface, CallbackObject,
   |         ^^^^^^^^^  ^^^^^^^^^^^^^^^^^  ^^^^^^^^^^^^^^^^  ^^^^^^^^^^^^^^^^^  ^^^^^^^^^^^^^^
30 |         ExceptionHandling, ThisReflector, wrap_call_this_value,
   |         ^^^^^^^^^^^^^^^^^  ^^^^^^^^^^^^^  ^^^^^^^^^^^^^^^^^^^^

warning: unused import: `crate::codegen::DomTypes::DomTypes`
  --> components\script_bindings\import.rs:32:20
   |
32 |     pub(crate) use crate::codegen::DomTypes::DomTypes;
   |                    ^^^^^^^^^^^^^^^^^^^^^^^^^^^^^^^^^^

warning: unused import: `crate::codegen::GenericUnionTypes`
  --> components\script_bindings\import.rs:33:20
   |
33 |     pub(crate) use crate::codegen::GenericUnionTypes;
   |                    ^^^^^^^^^^^^^^^^^^^^^^^^^^^^^^^^^

warning: unused imports: `StringificationBehavior` and `root_from_handlevalue`
  --> components\script_bindings\import.rs:34:41
   |
34 |     pub(crate) use crate::conversions::{StringificationBehavior, root_from_handlevalue};
   |                                         ^^^^^^^^^^^^^^^^^^^^^^^  ^^^^^^^^^^^^^^^^^^^^^

warning: unused import: `crate::error::Error::JSFailed`
  --> components\script_bindings\import.rs:35:20
   |
35 |     pub(crate) use crate::error::Error::JSFailed;
   |                    ^^^^^^^^^^^^^^^^^^^^^^^^^^^^^

warning: unused import: `crate::error::Fallible`
  --> components\script_bindings\import.rs:36:20
   |
36 |     pub(crate) use crate::error::Fallible;
   |                    ^^^^^^^^^^^^^^^^^^^^^^

warning: unused import: `crate::interfaces::*`
  --> components\script_bindings\import.rs:37:20
   |
37 |     pub(crate) use crate::interfaces::*;
   |                    ^^^^^^^^^^^^^^^^^^^^

warning: unused import: `crate::lock::ThreadUnsafeOnceLock`
  --> components\script_bindings\import.rs:38:20
   |
38 |     pub(crate) use crate::lock::ThreadUnsafeOnceLock;
   |                    ^^^^^^^^^^^^^^^^^^^^^^^^^^^^^^^^^

warning: unused import: `crate::num::Finite`
  --> components\script_bindings\import.rs:39:20
   |
39 |     pub(crate) use crate::num::Finite;
   |                    ^^^^^^^^^^^^^^^^^^

warning: unused import: `crate::proxyhandler::CrossOriginProperties`
  --> components\script_bindings\import.rs:40:20
   |
40 |     pub(crate) use crate::proxyhandler::CrossOriginProperties;
   |                    ^^^^^^^^^^^^^^^^^^^^^^^^^^^^^^^^^^^^^^^^^^

warning: unused imports: `DomGlobalGeneric` and `DomObject`
  --> components\script_bindings\import.rs:41:39
   |
41 |     pub(crate) use crate::reflector::{DomGlobalGeneric, DomObject};
   |                                       ^^^^^^^^^^^^^^^^  ^^^^^^^^^

warning: unused import: `crate::root::DomRoot`
  --> components\script_bindings\import.rs:42:20
   |
42 |     pub(crate) use crate::root::DomRoot;
   |                    ^^^^^^^^^^^^^^^^^^^^

warning: unused imports: `CanGc` and `JSContext as SafeJSContext`
  --> components\script_bindings\import.rs:43:44
   |
43 |     pub(crate) use crate::script_runtime::{CanGc, JSContext as SafeJSContext};
   |                                            ^^^^^  ^^^^^^^^^^^^^^^^^^^^^^^^^^

warning: unused imports: `ByteString`, `DOMString`, and `USVString`
  --> components\script_bindings\import.rs:44:33
   |
44 |     pub(crate) use crate::str::{ByteString, DOMString, USVString};
   |                                 ^^^^^^^^^^  ^^^^^^^^^  ^^^^^^^^^

warning: unused import: `crate::trace::RootedTraceableBox`
  --> components\script_bindings\import.rs:45:20
   |
45 |     pub(crate) use crate::trace::RootedTraceableBox;
   |                    ^^^^^^^^^^^^^^^^^^^^^^^^^^^^^^^^

warning: unused imports: `get_dictionary_property` and `set_dictionary_property`
  --> components\script_bindings\import.rs:46:35
   |
46 |     pub(crate) use crate::utils::{get_dictionary_property, set_dictionary_property};
   |                                   ^^^^^^^^^^^^^^^^^^^^^^^  ^^^^^^^^^^^^^^^^^^^^^^^

warning: unused import: `std::cmp`
  --> components\script_bindings\import.rs:50:20
   |
50 |     pub(crate) use std::cmp;
   |                    ^^^^^^^^

warning: unused import: `std::ffi::CString`
  --> components\script_bindings\import.rs:51:20
   |
51 |     pub(crate) use std::ffi::CString;
   |                    ^^^^^^^^^^^^^^^^^

warning: unused import: `std::ptr::NonNull`
  --> components\script_bindings\import.rs:52:20
   |
52 |     pub(crate) use std::ptr::NonNull;
   |                    ^^^^^^^^^^^^^^^^^

warning: unused import: `crate::js::conversions::ToJSValConvertible`
  --> components\script_bindings\import.rs:54:20
   |
54 |     pub(crate) use crate::js::conversions::ToJSValConvertible;
   |                    ^^^^^^^^^^^^^^^^^^^^^^^^^^^^^^^^^^^^^^^^^^

warning: unused imports: `CreateProxyHandler`, `GetProxyReservedSlot`, `JS_GetReservedSlot`, `ProxyTraps`, and `SetProxyReservedSlot`
  --> components\script_bindings\import.rs:56:9
   |
56 |         CreateProxyHandler, GetProxyReservedSlot, JS_GetReservedSlot, ProxyTraps,
   |         ^^^^^^^^^^^^^^^^^^  ^^^^^^^^^^^^^^^^^^^^  ^^^^^^^^^^^^^^^^^^  ^^^^^^^^^^
57 |         SetProxyReservedSlot,
   |         ^^^^^^^^^^^^^^^^^^^^

warning: unused imports: `CallArgs`, `GCContext`, `GetRealmErrorPrototype`, `GetRealmFunctionPrototype`, `GetRealmIteratorPrototype`, `GetRealmObjectPrototype`, `GetWellKnownSymbol`, `Handle as RawHandle`, `HandleId as RawHandleId`, `HandleObject as RawHandleObject`, `JSAutoRealm`, `JSCLASS_FOREGROUND_FINALIZE`, `JSCLASS_RESERVED_SLOTS_SHIFT`, `JSClassOps`, `JSClass`, `JSFunctionSpec`, `JSITER_HIDDEN`, `JSITER_OWNONLY`, `JSITER_SYMBOLS`, `JSJitGetterCallArgs`, `JSJitInfo_AliasSet`, `JSJitInfo_ArgType`, `JSJitInfo_OpType`, `JSJitInfo__bindgen_ty_1`, `JSJitInfo__bindgen_ty_2`, `JSJitInfo__bindgen_ty_3`, `JSJitInfo`, `JSJitMethodCallArgs`, `JSJitSetterCallArgs`, `JSNativeWrapper`, `JSPROP_ENUMERATE`, `JSPROP_PERMANENT`, `JSPROP_READONLY`, `JSPropertySpec_Accessor`, `JSPropertySpec_AccessorsOrValue_Accessors`, `JSPropertySpec_AccessorsOrValue`, `JSPropertySpec_Kind`, `JSPropertySpec_Name`, `JSPropertySpec_ValueWrapper_Type`, `JSPropertySpec_ValueWrapper__bindgen_ty_1`, `JSPropertySpec_ValueWrapper`, `JSPropertySpec`, `JSTracer`, `JSTypedMethodJitInfo`, `JSValueType`, `JS_AtomizeAndPinString`, `JS_ForwardGetPropertyTo`, `JS_GetPropertyDescriptorById`, `JS_HasPropertyById`, `JS_NewPlainObject`, `JS_SetReservedSlot`, `MutableHandle as RawMutableHandle`, `MutableHandleIdVector as RawMutableHandleIdVector`, `MutableHandleObject as RawMutableHandleObject`, `MutableHandleValue as RawMutableHandleValue`, `ObjectOpResult`, `PropertyDescriptor`, `SymbolCode`, `UndefinedHandleValue`, `__BindgenBitfieldUnit`, and `jsid`
  --> components\script_bindings\import.rs:60:9
   |
60 |         __BindgenBitfieldUnit, CallArgs, GCContext, GetRealmErrorPrototype,
   |         ^^^^^^^^^^^^^^^^^^^^^  ^^^^^^^^  ^^^^^^^^^  ^^^^^^^^^^^^^^^^^^^^^^
61 |         GetRealmFunctionPrototype, GetRealmIteratorPrototype, GetRealmObjectPrototype,
   |         ^^^^^^^^^^^^^^^^^^^^^^^^^  ^^^^^^^^^^^^^^^^^^^^^^^^^  ^^^^^^^^^^^^^^^^^^^^^^^
62 |         GetWellKnownSymbol, Handle as RawHandle, HandleId as RawHandleId,
   |         ^^^^^^^^^^^^^^^^^^  ^^^^^^^^^^^^^^^^^^^  ^^^^^^^^^^^^^^^^^^^^^^^
63 |         HandleObject as RawHandleObject, JS_AtomizeAndPinString, JS_ForwardGetPropertyTo,
   |         ^^^^^^^^^^^^^^^^^^^^^^^^^^^^^^^  ^^^^^^^^^^^^^^^^^^^^^^  ^^^^^^^^^^^^^^^^^^^^^^^
64 |         JS_GetPropertyDescriptorById, JS_HasPropertyById, JS_NewPlainObject, JS_SetReservedSlot,
   |         ^^^^^^^^^^^^^^^^^^^^^^^^^^^^  ^^^^^^^^^^^^^^^^^^  ^^^^^^^^^^^^^^^^^  ^^^^^^^^^^^^^^^^^^
65 |         JSAutoRealm, JSCLASS_FOREGROUND_FINALIZE, JSCLASS_RESERVED_SLOTS_SHIFT, JSClass,
   |         ^^^^^^^^^^^  ^^^^^^^^^^^^^^^^^^^^^^^^^^^  ^^^^^^^^^^^^^^^^^^^^^^^^^^^^  ^^^^^^^
66 |         JSClassOps, JSFunctionSpec, JSITER_HIDDEN, JSITER_OWNONLY, JSITER_SYMBOLS,
   |         ^^^^^^^^^^  ^^^^^^^^^^^^^^  ^^^^^^^^^^^^^  ^^^^^^^^^^^^^^  ^^^^^^^^^^^^^^
67 |         JSJitGetterCallArgs, JSJitInfo, JSJitInfo__bindgen_ty_1, JSJitInfo__bindgen_ty_2,
   |         ^^^^^^^^^^^^^^^^^^^  ^^^^^^^^^  ^^^^^^^^^^^^^^^^^^^^^^^  ^^^^^^^^^^^^^^^^^^^^^^^
68 |         JSJitInfo__bindgen_ty_3, JSJitInfo_AliasSet, JSJitInfo_ArgType, JSJitInfo_OpType,
   |         ^^^^^^^^^^^^^^^^^^^^^^^  ^^^^^^^^^^^^^^^^^^  ^^^^^^^^^^^^^^^^^  ^^^^^^^^^^^^^^^^
69 |         JSJitMethodCallArgs, JSJitSetterCallArgs, JSNativeWrapper, JSPROP_ENUMERATE,
   |         ^^^^^^^^^^^^^^^^^^^  ^^^^^^^^^^^^^^^^^^^  ^^^^^^^^^^^^^^^  ^^^^^^^^^^^^^^^^
70 |         JSPROP_PERMANENT, JSPROP_READONLY, JSPropertySpec, JSPropertySpec_Accessor,
   |         ^^^^^^^^^^^^^^^^  ^^^^^^^^^^^^^^^  ^^^^^^^^^^^^^^  ^^^^^^^^^^^^^^^^^^^^^^^
71 |         JSPropertySpec_AccessorsOrValue, JSPropertySpec_AccessorsOrValue_Accessors,
   |         ^^^^^^^^^^^^^^^^^^^^^^^^^^^^^^^  ^^^^^^^^^^^^^^^^^^^^^^^^^^^^^^^^^^^^^^^^^
72 |         JSPropertySpec_Kind, JSPropertySpec_Name, JSPropertySpec_ValueWrapper,
   |         ^^^^^^^^^^^^^^^^^^^  ^^^^^^^^^^^^^^^^^^^  ^^^^^^^^^^^^^^^^^^^^^^^^^^^
73 |         JSPropertySpec_ValueWrapper__bindgen_ty_1, JSPropertySpec_ValueWrapper_Type, JSTracer,
   |         ^^^^^^^^^^^^^^^^^^^^^^^^^^^^^^^^^^^^^^^^^  ^^^^^^^^^^^^^^^^^^^^^^^^^^^^^^^^  ^^^^^^^^
74 |         JSTypedMethodJitInfo, JSValueType, MutableHandle as RawMutableHandle,
   |         ^^^^^^^^^^^^^^^^^^^^  ^^^^^^^^^^^  ^^^^^^^^^^^^^^^^^^^^^^^^^^^^^^^^^
75 |         MutableHandleIdVector as RawMutableHandleIdVector,
   |         ^^^^^^^^^^^^^^^^^^^^^^^^^^^^^^^^^^^^^^^^^^^^^^^^^
76 |         MutableHandleObject as RawMutableHandleObject, MutableHandleValue as RawMutableHandleValue,
   |         ^^^^^^^^^^^^^^^^^^^^^^^^^^^^^^^^^^^^^^^^^^^^^  ^^^^^^^^^^^^^^^^^^^^^^^^^^^^^^^^^^^^^^^^^^^
77 |         ObjectOpResult, PropertyDescriptor, SymbolCode, UndefinedHandleValue, jsid,
   |         ^^^^^^^^^^^^^^  ^^^^^^^^^^^^^^^^^^  ^^^^^^^^^^  ^^^^^^^^^^^^^^^^^^^^  ^^^^

warning: unused import: `crate::js::jsval::PrivateValue`
  --> components\script_bindings\import.rs:79:20
   |
79 |     pub(crate) use crate::js::jsval::PrivateValue;
   |                    ^^^^^^^^^^^^^^^^^^^^^^^^^^^^^^

warning: unused import: `crate::js::panic::wrap_panic`
  --> components\script_bindings\import.rs:80:20
   |
80 |     pub(crate) use crate::js::panic::wrap_panic;
   |                    ^^^^^^^^^^^^^^^^^^^^^^^^^^^^

warning: unused imports: `AppendToIdVector`, `Call`, `GetPropertyKeys`, `JS_CopyOwnPropertiesAndPrivateFields`, `JS_DefinePropertyById2`, `JS_DefineProperty`, `JS_GetProperty`, `JS_InitializePropertiesFromCompatibleNativeObject`, `JS_NewObjectWithGivenProto`, `JS_NewObjectWithoutMetadata`, `JS_SetImmutablePrototype`, `JS_SetProperty`, `JS_SetPrototype`, `JS_WrapObject`, `NewProxyObject`, `RUST_INTERNED_STRING_TO_JSID`, `RUST_SYMBOL_TO_JSID`, and `int_to_jsid`
  --> components\script_bindings\import.rs:82:9
   |
82 |         AppendToIdVector, Call, GetPropertyKeys, JS_CopyOwnPropertiesAndPrivateFields,
   |         ^^^^^^^^^^^^^^^^  ^^^^  ^^^^^^^^^^^^^^^  ^^^^^^^^^^^^^^^^^^^^^^^^^^^^^^^^^^^^
83 |         JS_DefineProperty, JS_DefinePropertyById2, JS_GetProperty,
   |         ^^^^^^^^^^^^^^^^^  ^^^^^^^^^^^^^^^^^^^^^^  ^^^^^^^^^^^^^^
84 |         JS_InitializePropertiesFromCompatibleNativeObject, JS_NewObjectWithGivenProto,
   |         ^^^^^^^^^^^^^^^^^^^^^^^^^^^^^^^^^^^^^^^^^^^^^^^^^  ^^^^^^^^^^^^^^^^^^^^^^^^^^
85 |         JS_NewObjectWithoutMetadata, JS_SetImmutablePrototype, JS_SetProperty, JS_SetPrototype,
   |         ^^^^^^^^^^^^^^^^^^^^^^^^^^^  ^^^^^^^^^^^^^^^^^^^^^^^^  ^^^^^^^^^^^^^^  ^^^^^^^^^^^^^^^
86 |         JS_WrapObject, NewProxyObject, RUST_INTERNED_STRING_TO_JSID, RUST_SYMBOL_TO_JSID,
   |         ^^^^^^^^^^^^^  ^^^^^^^^^^^^^^  ^^^^^^^^^^^^^^^^^^^^^^^^^^^^  ^^^^^^^^^^^^^^^^^^^
87 |         int_to_jsid,
   |         ^^^^^^^^^^^

warning: unused imports: `CustomAutoRooterGuard`, `GCMethods`, `Handle`, `MutableHandle`, `get_context_realm`, `get_object_class`, and `get_object_realm`
  --> components\script_bindings\import.rs:90:9
   |
90 |         CustomAutoRooterGuard, GCMethods, Handle, MutableHandle, get_context_realm,
   |         ^^^^^^^^^^^^^^^^^^^^^  ^^^^^^^^^  ^^^^^^  ^^^^^^^^^^^^^  ^^^^^^^^^^^^^^^^^
91 |         get_object_class, get_object_realm,
   |         ^^^^^^^^^^^^^^^^  ^^^^^^^^^^^^^^^^

warning: unused imports: `JSCLASS_GLOBAL_SLOT_COUNT`, `JSCLASS_IS_DOMJSCLASS`, `JSCLASS_IS_GLOBAL`, `JSCLASS_RESERVED_SLOTS_MASK`, `JS_CALLEE`, and `typedarray`
  --> components\script_bindings\import.rs:94:9
   |
94 |         JS_CALLEE, JSCLASS_GLOBAL_SLOT_COUNT, JSCLASS_IS_DOMJSCLASS, JSCLASS_IS_GLOBAL,
   |         ^^^^^^^^^  ^^^^^^^^^^^^^^^^^^^^^^^^^  ^^^^^^^^^^^^^^^^^^^^^  ^^^^^^^^^^^^^^^^^
95 |         JSCLASS_RESERVED_SLOTS_MASK, typedarray,
   |         ^^^^^^^^^^^^^^^^^^^^^^^^^^^  ^^^^^^^^^^

warning: unused import: `servo_config::pref`
  --> components\script_bindings\import.rs:97:20
   |
97 |     pub(crate) use servo_config::pref;
   |                    ^^^^^^^^^^^^^^^^^^

warning: unused import: `super::base::*`
  --> components\script_bindings\import.rs:99:20
   |
99 |     pub(crate) use super::base::*;
   |                    ^^^^^^^^^^^^^^

warning: unused import: `crate::codegen::Globals::Globals`
   --> components\script_bindings\import.rs:100:20
    |
100 |     pub(crate) use crate::codegen::Globals::Globals;
    |                    ^^^^^^^^^^^^^^^^^^^^^^^^^^^^^^^^

warning: unused imports: `PrototypeList` and `RegisterBindings`
   --> components\script_bindings\import.rs:101:37
    |
101 |     pub(crate) use crate::codegen::{PrototypeList, RegisterBindings};
    |                                     ^^^^^^^^^^^^^  ^^^^^^^^^^^^^^^^

warning: unused imports: `ConstantSpec` and `ConstantVal`
   --> components\script_bindings\import.rs:102:38
    |
102 |     pub(crate) use crate::constant::{ConstantSpec, ConstantVal};
    |                                      ^^^^^^^^^^^^  ^^^^^^^^^^^

warning: unused import: `crate::constructor::call_default_constructor`
   --> components\script_bindings\import.rs:103:20
    |
103 |     pub(crate) use crate::constructor::call_default_constructor;
    |                    ^^^^^^^^^^^^^^^^^^^^^^^^^^^^^^^^^^^^^^^^^^^^

warning: unused imports: `DOM_OBJECT_SLOT`, `StringificationBehavior`, `is_array_like`, `jsid_to_string`, `native_from_handlevalue`, and `native_from_object_static`
   --> components\script_bindings\import.rs:105:9
    |
105 |         DOM_OBJECT_SLOT, StringificationBehavior, is_array_like, jsid_to_string,
    |         ^^^^^^^^^^^^^^^  ^^^^^^^^^^^^^^^^^^^^^^^  ^^^^^^^^^^^^^  ^^^^^^^^^^^^^^
106 |         native_from_handlevalue, native_from_object_static,
    |         ^^^^^^^^^^^^^^^^^^^^^^^  ^^^^^^^^^^^^^^^^^^^^^^^^^

warning: unused imports: `ErrorResult` and `Error`
   --> components\script_bindings\import.rs:108:35
    |
108 |     pub(crate) use crate::error::{Error, ErrorResult};
    |                                   ^^^^^  ^^^^^^^^^^^

warning: unused imports: `finalize_common`, `finalize_global`, and `finalize_weak_referenceable`
   --> components\script_bindings\import.rs:110:9
    |
110 |         finalize_common, finalize_global, finalize_weak_referenceable,
    |         ^^^^^^^^^^^^^^^  ^^^^^^^^^^^^^^^  ^^^^^^^^^^^^^^^^^^^^^^^^^^^

warning: unused imports: `Condition` and `Guard`
   --> components\script_bindings\import.rs:112:35
    |
112 |     pub(crate) use crate::guard::{Condition, Guard};
    |                                   ^^^^^^^^^  ^^^^^

warning: unused import: `crate::inheritance::Castable`
   --> components\script_bindings\import.rs:113:20
    |
113 |     pub(crate) use crate::inheritance::Castable;
    |                    ^^^^^^^^^^^^^^^^^^^^^^^^^^^^

warning: unused imports: `ConstructorClassHook`, `InterfaceConstructorBehavior`, `NonCallbackInterfaceObjectClass`, `ProtoOrIfaceIndex`, `create_callback_interface_object`, `create_global_object`, `create_interface_prototype_object`, `create_named_constructors`, `create_noncallback_interface_object`, `define_dom_interface`, `define_guarded_methods`, `define_guarded_properties`, `get_per_interface_object_handle`, and `is_exposed_in`
   --> components\script_bindings\import.rs:115:9
    |
115 |         ConstructorClassHook, InterfaceConstructorBehavior, NonCallbackInterfaceObjectClass,
    |         ^^^^^^^^^^^^^^^^^^^^  ^^^^^^^^^^^^^^^^^^^^^^^^^^^^  ^^^^^^^^^^^^^^^^^^^^^^^^^^^^^^^
116 |         ProtoOrIfaceIndex, create_callback_interface_object, create_global_object,
    |         ^^^^^^^^^^^^^^^^^  ^^^^^^^^^^^^^^^^^^^^^^^^^^^^^^^^  ^^^^^^^^^^^^^^^^^^^^
117 |         create_interface_prototype_object, create_named_constructors,
    |         ^^^^^^^^^^^^^^^^^^^^^^^^^^^^^^^^^  ^^^^^^^^^^^^^^^^^^^^^^^^^
118 |         create_noncallback_interface_object, define_dom_interface, define_guarded_methods,
    |         ^^^^^^^^^^^^^^^^^^^^^^^^^^^^^^^^^^^  ^^^^^^^^^^^^^^^^^^^^  ^^^^^^^^^^^^^^^^^^^^^^
119 |         define_guarded_properties, get_per_interface_object_handle, is_exposed_in,
    |         ^^^^^^^^^^^^^^^^^^^^^^^^^  ^^^^^^^^^^^^^^^^^^^^^^^^^^^^^^^  ^^^^^^^^^^^^^

warning: unused imports: `IterableIterator`, `Iterable`, and `IteratorType`
   --> components\script_bindings\import.rs:121:38
    |
121 |     pub(crate) use crate::iterable::{Iterable, IterableIterator, IteratorType};
    |                                      ^^^^^^^^  ^^^^^^^^^^^^^^^^  ^^^^^^^^^^^^

warning: unused imports: `Maplike` and `Setlike`
   --> components\script_bindings\import.rs:122:34
    |
122 |     pub(crate) use crate::like::{Maplike, Setlike};
    |                                  ^^^^^^^  ^^^^^^^

warning: unused import: `crate::mem::malloc_size_of_including_raw_self`
   --> components\script_bindings\import.rs:123:20
    |
123 |     pub(crate) use crate::mem::malloc_size_of_including_raw_self;
    |                    ^^^^^^^^^^^^^^^^^^^^^^^^^^^^^^^^^^^^^^^^^^^^^

warning: unused imports: `NamespaceObjectClass` and `create_namespace_object`
   --> components\script_bindings\import.rs:124:39
    |
124 |     pub(crate) use crate::namespace::{NamespaceObjectClass, create_namespace_object};
    |                                       ^^^^^^^^^^^^^^^^^^^^  ^^^^^^^^^^^^^^^^^^^^^^^

warning: unused imports: `ensure_expando_object`, `get_expando_object`, and `set_property_descriptor`
   --> components\script_bindings\import.rs:126:9
    |
126 |         ensure_expando_object, get_expando_object, set_property_descriptor,
    |         ^^^^^^^^^^^^^^^^^^^^^  ^^^^^^^^^^^^^^^^^^  ^^^^^^^^^^^^^^^^^^^^^^^

warning: unused imports: `AlreadyInRealm` and `InRealm`
   --> components\script_bindings\import.rs:128:36
    |
128 |     pub(crate) use crate::realms::{AlreadyInRealm, InRealm};
    |                                    ^^^^^^^^^^^^^^  ^^^^^^^

warning: unused imports: `DomSlice`, `Dom`, `MaybeUnreflectedDom`, and `Root`
   --> components\script_bindings\import.rs:129:34
    |
129 |     pub(crate) use crate::root::{Dom, DomSlice, MaybeUnreflectedDom, Root};
    |                                  ^^^  ^^^^^^^^  ^^^^^^^^^^^^^^^^^^^  ^^^^

warning: unused import: `crate::script_runtime::CanGc`
   --> components\script_bindings\import.rs:130:20
    |
130 |     pub(crate) use crate::script_runtime::CanGc;
    |                    ^^^^^^^^^^^^^^^^^^^^^^^^^^^^

warning: unused imports: `AsVoidPtr`, `DOMClass`, `DOMJSClass`, `DOM_PROTO_UNFORGEABLE_HOLDER_SLOT`, `JSCLASS_DOM_GLOBAL`, `ProtoOrIfaceArray`, `enumerate_global`, `enumerate_window`, `exception_to_promise`, `generic_getter`, `generic_lenient_getter`, `generic_lenient_setter`, `generic_method`, `generic_setter`, `generic_static_promise_method`, `get_array_index_from_id`, `get_property_on_prototype`, `has_property_on_prototype`, `may_resolve_global`, `may_resolve_window`, `resolve_global`, `resolve_window`, and `trace_global`
   --> components\script_bindings\import.rs:132:9
    |
132 |         AsVoidPtr, DOM_PROTO_UNFORGEABLE_HOLDER_SLOT, DOMClass, DOMJSClass, JSCLASS_DOM_GLOBAL,
    |         ^^^^^^^^^  ^^^^^^^^^^^^^^^^^^^^^^^^^^^^^^^^^  ^^^^^^^^  ^^^^^^^^^^  ^^^^^^^^^^^^^^^^^^
133 |         ProtoOrIfaceArray, enumerate_global, enumerate_window, exception_to_promise,
    |         ^^^^^^^^^^^^^^^^^  ^^^^^^^^^^^^^^^^  ^^^^^^^^^^^^^^^^  ^^^^^^^^^^^^^^^^^^^^
134 |         generic_getter, generic_lenient_getter, generic_lenient_setter, generic_method,
    |         ^^^^^^^^^^^^^^  ^^^^^^^^^^^^^^^^^^^^^^  ^^^^^^^^^^^^^^^^^^^^^^  ^^^^^^^^^^^^^^
135 |         generic_setter, generic_static_promise_method, get_array_index_from_id,
    |         ^^^^^^^^^^^^^^  ^^^^^^^^^^^^^^^^^^^^^^^^^^^^^  ^^^^^^^^^^^^^^^^^^^^^^^
136 |         get_property_on_prototype, has_property_on_prototype, may_resolve_global,
    |         ^^^^^^^^^^^^^^^^^^^^^^^^^  ^^^^^^^^^^^^^^^^^^^^^^^^^  ^^^^^^^^^^^^^^^^^^
137 |         may_resolve_window, resolve_global, resolve_window, trace_global,
    |         ^^^^^^^^^^^^^^^^^^  ^^^^^^^^^^^^^^  ^^^^^^^^^^^^^^  ^^^^^^^^^^^^

warning: unused import: `crate::weakref::DOM_WEAK_SLOT`
   --> components\script_bindings\import.rs:139:20
    |
139 |     pub(crate) use crate::weakref::DOM_WEAK_SLOT;
    |                    ^^^^^^^^^^^^^^^^^^^^^^^^^^^^^

warning: unused imports: `JSTraceable` and `proxyhandler`
   --> components\script_bindings\import.rs:140:28
    |
140 |     pub(crate) use crate::{JSTraceable, proxyhandler};
    |                            ^^^^^^^^^^^  ^^^^^^^^^^^^

warning: unused import: `HandleObject as RawHandleObject`
  --> components\script_bindings\interface.rs:17:5
   |
17 |     HandleObject as RawHandleObject, IsSharableCompartment, IsSystemCompartment,
   |     ^^^^^^^^^^^^^^^^^^^^^^^^^^^^^^^

warning: unused import: `HandleValue`
  --> components\script_bindings\interface.rs:32:19
   |
32 |     HandleObject, HandleValue, MutableHandleObject, RealmOptions, define_methods,
   |                   ^^^^^^^^^^^

warning: unused import: `CreateRustJSPrincipals`
  --> components\script_bindings\principals.rs:10:23
   |
10 | use crate::js::glue::{CreateRustJSPrincipals, GetRustJSPrincipalsPrivate};
   |                       ^^^^^^^^^^^^^^^^^^^^^^

warning: unused import: `std::ptr::NonNull`
  --> components\script_bindings\proxyhandler.rs:10:5
   |
10 | use std::ptr::NonNull;
   |     ^^^^^^^^^^^^^^^^^

warning: unused import: `JS_IsExceptionPending`
  --> components\script_bindings\proxyhandler.rs:21:5
   |
21 |     JS_IsExceptionPending, JSContext, JSErrNum, JSFunctionSpec, JSObject, JSPropertySpec,
   |     ^^^^^^^^^^^^^^^^^^^^^

warning: unused import: `AutoRealm`
  --> components\script_bindings\proxyhandler.rs:28:24
   |
28 | use crate::js::realm::{AutoRealm, CurrentRealm};
   |                        ^^^^^^^^^

warning: unused import: `IntoHandle`
  --> components\script_bindings\proxyhandler.rs:33:58
   |
33 | use crate::js::rust::{Handle, HandleObject, HandleValue, IntoHandle, MutableHandle, MutableHandleObject};
   |                                                          ^^^^^^^^^^

warning: unused import: `crate::error::Error`
  --> components\script_bindings\proxyhandler.rs:38:5
   |
38 | use crate::error::Error;
   |     ^^^^^^^^^^^^^^^^^^^

warning: unused import: `crate::interfaces::DomHelpers`
  --> components\script_bindings\proxyhandler.rs:42:5
   |
42 | use crate::interfaces::DomHelpers;
   |     ^^^^^^^^^^^^^^^^^^^^^^^^^^^^^

warning: unused imports: `AlreadyInRealm` and `InRealm`
  --> components\script_bindings\proxyhandler.rs:43:21
   |
43 | use crate::realms::{AlreadyInRealm, InRealm};
   |                     ^^^^^^^^^^^^^^  ^^^^^^^

warning: unused import: `crate::reflector::DomObject`
  --> components\script_bindings\proxyhandler.rs:44:5
   |
44 | use crate::reflector::DomObject;
   |     ^^^^^^^^^^^^^^^^^^^^^^^^^^^

warning: unused import: `CanGc`
  --> components\script_bindings\proxyhandler.rs:45:29
   |
45 | use crate::script_runtime::{CanGc, JSContext as SafeJSContext};
   |                             ^^^^^

warning: unused import: `crate::realms::InRealm`
  --> components\script_bindings\reflector.rs:13:5
   |
13 | use crate::realms::InRealm;
   |     ^^^^^^^^^^^^^^^^^^^^^^

warning: unused imports: `DomRoot`, `Dom`, and `Root`
  --> components\script_bindings\reflector.rs:14:19
   |
14 | use crate::root::{Dom, DomRoot, Root};
   |                   ^^^  ^^^^^^^  ^^^^

warning: unused imports: `CanGc` and `JSContext`
  --> components\script_bindings\reflector.rs:15:29
   |
15 | use crate::script_runtime::{CanGc, JSContext};
   |                             ^^^^^  ^^^^^^^^^

warning: unused import: `std::marker::PhantomData`
 --> components\script_bindings\settings_stack.rs:5:5
  |
5 | use std::marker::PhantomData;
  |     ^^^^^^^^^^^^^^^^^^^^^^^^

warning: unused import: `crate::DomTypes`
 --> components\script_bindings\settings_stack.rs:7:5
  |
7 | use crate::DomTypes;
  |     ^^^^^^^^^^^^^^^

warning: unused import: `std::mem`
 --> components\script_bindings\trace.rs:9:5
  |
9 | use std::mem;
  |     ^^^^^^^^

warning: unused import: `ToJSValConvertible`
  --> components\script_bindings\utils.rs:10:30
   |
10 | use crate::js::conversions::{ToJSValConvertible, jsstr_to_string};
   |                              ^^^^^^^^^^^^^^^^^^

warning: unused import: `crate::js::gc::Handle`
  --> components\script_bindings\utils.rs:11:5
   |
11 | use crate::js::gc::Handle;
   |     ^^^^^^^^^^^^^^^^^^^^^

warning: unused import: `AppendToIdVector`
  --> components\script_bindings\utils.rs:13:5
   |
13 |     AppendToIdVector, CallJitGetterOp, CallJitMethodOp, CallJitSetterOp, JS_GetReservedSlot,
   |     ^^^^^^^^^^^^^^^^

warning: unused imports: `JSJitInfo` and `JS_AtomizeStringN`
  --> components\script_bindings\utils.rs:19:44
   |
19 |     HandleObject as RawHandleObject, Heap, JS_AtomizeStringN, JS_ClearPendingException,
   |                                            ^^^^^^^^^^^^^^^^^
...
22 |     JS_ResolveStandardClass, JSAtom, JSAtomState, JSContext, JSJitInfo, JSObject, JSTracer,
   |                                                              ^^^^^^^^^

warning: unused import: `crate::js::jsid::StringId`
  --> components\script_bindings\utils.rs:26:5
   |
26 | use crate::js::jsid::StringId;
   |     ^^^^^^^^^^^^^^^^^^^^^^^^^

warning: unused import: `Runtime`
  --> components\script_bindings\utils.rs:34:62
   |
34 |     HandleId, HandleObject, HandleValue, MutableHandleValue, Runtime, ToString, get_object_class,
   |                                                              ^^^^^^^

warning: unused import: `super::*`
  --> C:\Users\VIC\ferro-browser\target\debug\build\script_bindings-d3a89518d44c63f9\out/Bindings\AbortControllerBinding.rs:12:9
   |
12 |     use super::*;
   |         ^^^^^^^^

warning: unused import: `super::*`
  --> C:\Users\VIC\ferro-browser\target\debug\build\script_bindings-d3a89518d44c63f9\out/Bindings\AbortSignalBinding.rs:12:9
   |
12 |     use super::*;
   |         ^^^^^^^^

warning: unused import: `super::*`
  --> C:\Users\VIC\ferro-browser\target\debug\build\script_bindings-d3a89518d44c63f9\out/Bindings\AttrBinding.rs:12:9
   |
12 |     use super::*;
   |         ^^^^^^^^

warning: unused import: `super::*`
  --> C:\Users\VIC\ferro-browser\target\debug\build\script_bindings-d3a89518d44c63f9\out/Bindings\CharacterDataBinding.rs:12:9
   |
12 |     use super::*;
   |         ^^^^^^^^

warning: unused import: `super::*`
  --> C:\Users\VIC\ferro-browser\target\debug\build\script_bindings-d3a89518d44c63f9\out/Bindings\CommentBinding.rs:12:9
   |
12 |     use super::*;
   |         ^^^^^^^^

warning: unused import: `super::*`
 --> C:\Users\VIC\ferro-browser\target\debug\build\script_bindings-d3a89518d44c63f9\out/Bindings\DocumentBinding.rs:9:9
  |
9 |     use super::*;
  |         ^^^^^^^^

warning: unused import: `super::*`
  --> C:\Users\VIC\ferro-browser\target\debug\build\script_bindings-d3a89518d44c63f9\out/Bindings\DocumentFragmentBinding.rs:12:9
   |
12 |     use super::*;
   |         ^^^^^^^^

warning: unused import: `super::*`
  --> C:\Users\VIC\ferro-browser\target\debug\build\script_bindings-d3a89518d44c63f9\out/Bindings\DocumentTypeBinding.rs:12:9
   |
12 |     use super::*;
   |         ^^^^^^^^

warning: unused import: `super::*`
 --> C:\Users\VIC\ferro-browser\target\debug\build\script_bindings-d3a89518d44c63f9\out/Bindings\ElementBinding.rs:9:9
  |
9 |     use super::*;
  |         ^^^^^^^^

warning: unused import: `super::*`
 --> C:\Users\VIC\ferro-browser\target\debug\build\script_bindings-d3a89518d44c63f9\out/Bindings\EventBinding.rs:9:9
  |
9 |     use super::*;
  |         ^^^^^^^^

warning: unused import: `super::*`
 --> C:\Users\VIC\ferro-browser\target\debug\build\script_bindings-d3a89518d44c63f9\out/Bindings\EventTargetBinding.rs:9:9
  |
9 |     use super::*;
  |         ^^^^^^^^

warning: unused import: `super::*`
 --> C:\Users\VIC\ferro-browser\target\debug\build\script_bindings-d3a89518d44c63f9\out/Bindings\NodeBinding.rs:9:9
  |
9 |     use super::*;
  |         ^^^^^^^^

warning: unused import: `super::*`
  --> C:\Users\VIC\ferro-browser\target\debug\build\script_bindings-d3a89518d44c63f9\out/Bindings\NodeIteratorBinding.rs:12:9
   |
12 |     use super::*;
   |         ^^^^^^^^

warning: unused import: `super::*`
  --> C:\Users\VIC\ferro-browser\target\debug\build\script_bindings-d3a89518d44c63f9\out/Bindings\NodeListBinding.rs:12:9
   |
12 |     use super::*;
   |         ^^^^^^^^

warning: unused import: `super::*`
  --> C:\Users\VIC\ferro-browser\target\debug\build\script_bindings-d3a89518d44c63f9\out/Bindings\NamedNodeMapBinding.rs:12:9
   |
12 |     use super::*;
   |         ^^^^^^^^

warning: unused import: `super::*`
  --> C:\Users\VIC\ferro-browser\target\debug\build\script_bindings-d3a89518d44c63f9\out/Bindings\ProcessingInstructionBinding.rs:12:9
   |
12 |     use super::*;
   |         ^^^^^^^^

warning: unused import: `super::*`
 --> C:\Users\VIC\ferro-browser\target\debug\build\script_bindings-d3a89518d44c63f9\out/Bindings\RangeBinding.rs:9:9
  |
9 |     use super::*;
  |         ^^^^^^^^

warning: unused import: `super::*`
  --> C:\Users\VIC\ferro-browser\target\debug\build\script_bindings-d3a89518d44c63f9\out/Bindings\SelectionBinding.rs:12:9
   |
12 |     use super::*;
   |         ^^^^^^^^

warning: unused import: `super::*`
 --> C:\Users\VIC\ferro-browser\target\debug\build\script_bindings-d3a89518d44c63f9\out/Bindings\ShadowRootBinding.rs:9:9
  |
9 |     use super::*;
  |         ^^^^^^^^

warning: unused import: `super::*`
  --> C:\Users\VIC\ferro-browser\target\debug\build\script_bindings-d3a89518d44c63f9\out/Bindings\TextBinding.rs:12:9
   |
12 |     use super::*;
   |         ^^^^^^^^

warning: unused import: `super::*`
  --> C:\Users\VIC\ferro-browser\target\debug\build\script_bindings-d3a89518d44c63f9\out/Bindings\TreeWalkerBinding.rs:12:9
   |
12 |     use super::*;
   |         ^^^^^^^^

warning: unused import: `super::*`
  --> C:\Users\VIC\ferro-browser\target\debug\build\script_bindings-d3a89518d44c63f9\out/Bindings\WindowBinding.rs:10:9
   |
10 |     use super::*;
   |         ^^^^^^^^

warning: unused import: `super::*`
  --> C:\Users\VIC\ferro-browser\target\debug\build\script_bindings-d3a89518d44c63f9\out/Bindings\HTMLAnchorElementBinding.rs:12:9
   |
12 |     use super::*;
   |         ^^^^^^^^

warning: unused import: `super::*`
  --> C:\Users\VIC\ferro-browser\target\debug\build\script_bindings-d3a89518d44c63f9\out/Bindings\HTMLAreaElementBinding.rs:12:9
   |
12 |     use super::*;
   |         ^^^^^^^^

warning: unused import: `super::*`
  --> C:\Users\VIC\ferro-browser\target\debug\build\script_bindings-d3a89518d44c63f9\out/Bindings\HTMLAudioElementBinding.rs:12:9
   |
12 |     use super::*;
   |         ^^^^^^^^

warning: unused import: `super::*`
  --> C:\Users\VIC\ferro-browser\target\debug\build\script_bindings-d3a89518d44c63f9\out/Bindings\HTMLBaseElementBinding.rs:12:9
   |
12 |     use super::*;
   |         ^^^^^^^^

warning: unused import: `super::*`
  --> C:\Users\VIC\ferro-browser\target\debug\build\script_bindings-d3a89518d44c63f9\out/Bindings\HTMLBodyElementBinding.rs:12:9
   |
12 |     use super::*;
   |         ^^^^^^^^

warning: unused import: `super::*`
  --> C:\Users\VIC\ferro-browser\target\debug\build\script_bindings-d3a89518d44c63f9\out/Bindings\HTMLBRElementBinding.rs:12:9
   |
12 |     use super::*;
   |         ^^^^^^^^

warning: unused import: `super::*`
  --> C:\Users\VIC\ferro-browser\target\debug\build\script_bindings-d3a89518d44c63f9\out/Bindings\HTMLButtonElementBinding.rs:12:9
   |
12 |     use super::*;
   |         ^^^^^^^^

warning: unused import: `super::*`
  --> C:\Users\VIC\ferro-browser\target\debug\build\script_bindings-d3a89518d44c63f9\out/Bindings\HTMLCanvasElementBinding.rs:10:9
   |
10 |     use super::*;
   |         ^^^^^^^^

warning: unused import: `super::*`
  --> C:\Users\VIC\ferro-browser\target\debug\build\script_bindings-d3a89518d44c63f9\out/Bindings\HTMLCollectionBinding.rs:12:9
   |
12 |     use super::*;
   |         ^^^^^^^^

warning: unused import: `super::*`
  --> C:\Users\VIC\ferro-browser\target\debug\build\script_bindings-d3a89518d44c63f9\out/Bindings\HTMLDataElementBinding.rs:12:9
   |
12 |     use super::*;
   |         ^^^^^^^^

warning: unused import: `super::*`
  --> C:\Users\VIC\ferro-browser\target\debug\build\script_bindings-d3a89518d44c63f9\out/Bindings\HTMLDataListElementBinding.rs:12:9
   |
12 |     use super::*;
   |         ^^^^^^^^

warning: unused import: `super::*`
  --> C:\Users\VIC\ferro-browser\target\debug\build\script_bindings-d3a89518d44c63f9\out/Bindings\HTMLDetailsElementBinding.rs:12:9
   |
12 |     use super::*;
   |         ^^^^^^^^

warning: unused import: `super::*`
  --> C:\Users\VIC\ferro-browser\target\debug\build\script_bindings-d3a89518d44c63f9\out/Bindings\HTMLDialogElementBinding.rs:12:9
   |
12 |     use super::*;
   |         ^^^^^^^^

warning: unused import: `super::*`
  --> C:\Users\VIC\ferro-browser\target\debug\build\script_bindings-d3a89518d44c63f9\out/Bindings\HTMLDirectoryElementBinding.rs:12:9
   |
12 |     use super::*;
   |         ^^^^^^^^

warning: unused import: `super::*`
  --> C:\Users\VIC\ferro-browser\target\debug\build\script_bindings-d3a89518d44c63f9\out/Bindings\HTMLDivElementBinding.rs:12:9
   |
12 |     use super::*;
   |         ^^^^^^^^

warning: unused import: `super::*`
  --> C:\Users\VIC\ferro-browser\target\debug\build\script_bindings-d3a89518d44c63f9\out/Bindings\HTMLDListElementBinding.rs:12:9
   |
12 |     use super::*;
   |         ^^^^^^^^

warning: unused import: `super::*`
  --> C:\Users\VIC\ferro-browser\target\debug\build\script_bindings-d3a89518d44c63f9\out/Bindings\HTMLElementBinding.rs:12:9
   |
12 |     use super::*;
   |         ^^^^^^^^

warning: unused import: `super::*`
  --> C:\Users\VIC\ferro-browser\target\debug\build\script_bindings-d3a89518d44c63f9\out/Bindings\HTMLEmbedElementBinding.rs:12:9
   |
12 |     use super::*;
   |         ^^^^^^^^

warning: unused import: `super::*`
  --> C:\Users\VIC\ferro-browser\target\debug\build\script_bindings-d3a89518d44c63f9\out/Bindings\HTMLFieldSetElementBinding.rs:12:9
   |
12 |     use super::*;
   |         ^^^^^^^^

warning: unused import: `super::*`
  --> C:\Users\VIC\ferro-browser\target\debug\build\script_bindings-d3a89518d44c63f9\out/Bindings\HTMLFontElementBinding.rs:12:9
   |
12 |     use super::*;
   |         ^^^^^^^^

warning: unused import: `super::*`
 --> C:\Users\VIC\ferro-browser\target\debug\build\script_bindings-d3a89518d44c63f9\out/Bindings\HTMLFormElementBinding.rs:9:9
  |
9 |     use super::*;
  |         ^^^^^^^^

warning: unused import: `super::*`
  --> C:\Users\VIC\ferro-browser\target\debug\build\script_bindings-d3a89518d44c63f9\out/Bindings\HTMLFrameElementBinding.rs:12:9
   |
12 |     use super::*;
   |         ^^^^^^^^

warning: unused import: `super::*`
  --> C:\Users\VIC\ferro-browser\target\debug\build\script_bindings-d3a89518d44c63f9\out/Bindings\HTMLFrameSetElementBinding.rs:12:9
   |
12 |     use super::*;
   |         ^^^^^^^^

warning: unused import: `super::*`
  --> C:\Users\VIC\ferro-browser\target\debug\build\script_bindings-d3a89518d44c63f9\out/Bindings\HTMLHeadElementBinding.rs:12:9
   |
12 |     use super::*;
   |         ^^^^^^^^

warning: unused import: `super::*`
  --> C:\Users\VIC\ferro-browser\target\debug\build\script_bindings-d3a89518d44c63f9\out/Bindings\HTMLHeadingElementBinding.rs:12:9
   |
12 |     use super::*;
   |         ^^^^^^^^

warning: unused import: `super::*`
  --> C:\Users\VIC\ferro-browser\target\debug\build\script_bindings-d3a89518d44c63f9\out/Bindings\HTMLHRElementBinding.rs:12:9
   |
12 |     use super::*;
   |         ^^^^^^^^

warning: unused import: `super::*`
  --> C:\Users\VIC\ferro-browser\target\debug\build\script_bindings-d3a89518d44c63f9\out/Bindings\HTMLHtmlElementBinding.rs:12:9
   |
12 |     use super::*;
   |         ^^^^^^^^

warning: unused import: `super::*`
  --> C:\Users\VIC\ferro-browser\target\debug\build\script_bindings-d3a89518d44c63f9\out/Bindings\HTMLIFrameElementBinding.rs:12:9
   |
12 |     use super::*;
   |         ^^^^^^^^

warning: unused import: `super::*`
  --> C:\Users\VIC\ferro-browser\target\debug\build\script_bindings-d3a89518d44c63f9\out/Bindings\HTMLImageElementBinding.rs:12:9
   |
12 |     use super::*;
   |         ^^^^^^^^

warning: unused import: `super::*`
  --> C:\Users\VIC\ferro-browser\target\debug\build\script_bindings-d3a89518d44c63f9\out/Bindings\HTMLInputElementBinding.rs:12:9
   |
12 |     use super::*;
   |         ^^^^^^^^

warning: unused import: `super::*`
  --> C:\Users\VIC\ferro-browser\target\debug\build\script_bindings-d3a89518d44c63f9\out/Bindings\HTMLLabelElementBinding.rs:12:9
   |
12 |     use super::*;
   |         ^^^^^^^^

warning: unused import: `super::*`
  --> C:\Users\VIC\ferro-browser\target\debug\build\script_bindings-d3a89518d44c63f9\out/Bindings\HTMLLegendElementBinding.rs:12:9
   |
12 |     use super::*;
   |         ^^^^^^^^

warning: unused import: `super::*`
  --> C:\Users\VIC\ferro-browser\target\debug\build\script_bindings-d3a89518d44c63f9\out/Bindings\HTMLLIElementBinding.rs:12:9
   |
12 |     use super::*;
   |         ^^^^^^^^

warning: unused import: `super::*`
  --> C:\Users\VIC\ferro-browser\target\debug\build\script_bindings-d3a89518d44c63f9\out/Bindings\HTMLLinkElementBinding.rs:12:9
   |
12 |     use super::*;
   |         ^^^^^^^^

warning: unused import: `super::*`
  --> C:\Users\VIC\ferro-browser\target\debug\build\script_bindings-d3a89518d44c63f9\out/Bindings\HTMLMapElementBinding.rs:12:9
   |
12 |     use super::*;
   |         ^^^^^^^^

warning: unused import: `super::*`
  --> C:\Users\VIC\ferro-browser\target\debug\build\script_bindings-d3a89518d44c63f9\out/Bindings\HTMLMarqueeElementBinding.rs:12:9
   |
12 |     use super::*;
   |         ^^^^^^^^

warning: unused import: `super::*`
 --> C:\Users\VIC\ferro-browser\target\debug\build\script_bindings-d3a89518d44c63f9\out/Bindings\HTMLMediaElementBinding.rs:9:9
  |
9 |     use super::*;
  |         ^^^^^^^^

warning: unused import: `super::*`
  --> C:\Users\VIC\ferro-browser\target\debug\build\script_bindings-d3a89518d44c63f9\out/Bindings\HTMLMenuElementBinding.rs:12:9
   |
12 |     use super::*;
   |         ^^^^^^^^

warning: unused import: `super::*`
  --> C:\Users\VIC\ferro-browser\target\debug\build\script_bindings-d3a89518d44c63f9\out/Bindings\HTMLMetaElementBinding.rs:12:9
   |
12 |     use super::*;
   |         ^^^^^^^^

warning: unused import: `super::*`
  --> C:\Users\VIC\ferro-browser\target\debug\build\script_bindings-d3a89518d44c63f9\out/Bindings\HTMLMeterElementBinding.rs:12:9
   |
12 |     use super::*;
   |         ^^^^^^^^

warning: unused import: `super::*`
  --> C:\Users\VIC\ferro-browser\target\debug\build\script_bindings-d3a89518d44c63f9\out/Bindings\HTMLModElementBinding.rs:12:9
   |
12 |     use super::*;
   |         ^^^^^^^^

warning: unused import: `super::*`
  --> C:\Users\VIC\ferro-browser\target\debug\build\script_bindings-d3a89518d44c63f9\out/Bindings\HTMLObjectElementBinding.rs:12:9
   |
12 |     use super::*;
   |         ^^^^^^^^

warning: unused import: `super::*`
  --> C:\Users\VIC\ferro-browser\target\debug\build\script_bindings-d3a89518d44c63f9\out/Bindings\HTMLOListElementBinding.rs:12:9
   |
12 |     use super::*;
   |         ^^^^^^^^

warning: unused import: `super::*`
  --> C:\Users\VIC\ferro-browser\target\debug\build\script_bindings-d3a89518d44c63f9\out/Bindings\HTMLOptGroupElementBinding.rs:12:9
   |
12 |     use super::*;
   |         ^^^^^^^^

warning: unused import: `super::*`
  --> C:\Users\VIC\ferro-browser\target\debug\build\script_bindings-d3a89518d44c63f9\out/Bindings\HTMLOptionElementBinding.rs:12:9
   |
12 |     use super::*;
   |         ^^^^^^^^

warning: unused import: `super::*`
  --> C:\Users\VIC\ferro-browser\target\debug\build\script_bindings-d3a89518d44c63f9\out/Bindings\HTMLOutputElementBinding.rs:12:9
   |
12 |     use super::*;
   |         ^^^^^^^^

warning: unused import: `super::*`
  --> C:\Users\VIC\ferro-browser\target\debug\build\script_bindings-d3a89518d44c63f9\out/Bindings\HTMLParagraphElementBinding.rs:12:9
   |
12 |     use super::*;
   |         ^^^^^^^^

warning: unused import: `super::*`
  --> C:\Users\VIC\ferro-browser\target\debug\build\script_bindings-d3a89518d44c63f9\out/Bindings\HTMLParamElementBinding.rs:12:9
   |
12 |     use super::*;
   |         ^^^^^^^^

warning: unused import: `super::*`
  --> C:\Users\VIC\ferro-browser\target\debug\build\script_bindings-d3a89518d44c63f9\out/Bindings\HTMLPictureElementBinding.rs:12:9
   |
12 |     use super::*;
   |         ^^^^^^^^

warning: unused import: `super::*`
  --> C:\Users\VIC\ferro-browser\target\debug\build\script_bindings-d3a89518d44c63f9\out/Bindings\HTMLPreElementBinding.rs:12:9
   |
12 |     use super::*;
   |         ^^^^^^^^

warning: unused import: `super::*`
  --> C:\Users\VIC\ferro-browser\target\debug\build\script_bindings-d3a89518d44c63f9\out/Bindings\HTMLProgressElementBinding.rs:12:9
   |
12 |     use super::*;
   |         ^^^^^^^^

warning: unused import: `super::*`
  --> C:\Users\VIC\ferro-browser\target\debug\build\script_bindings-d3a89518d44c63f9\out/Bindings\HTMLQuoteElementBinding.rs:12:9
   |
12 |     use super::*;
   |         ^^^^^^^^

warning: unused import: `super::*`
  --> C:\Users\VIC\ferro-browser\target\debug\build\script_bindings-d3a89518d44c63f9\out/Bindings\HTMLScriptElementBinding.rs:12:9
   |
12 |     use super::*;
   |         ^^^^^^^^

warning: unused import: `super::*`
  --> C:\Users\VIC\ferro-browser\target\debug\build\script_bindings-d3a89518d44c63f9\out/Bindings\HTMLSelectElementBinding.rs:12:9
   |
12 |     use super::*;
   |         ^^^^^^^^

warning: unused import: `super::*`
 --> C:\Users\VIC\ferro-browser\target\debug\build\script_bindings-d3a89518d44c63f9\out/Bindings\HTMLSlotElementBinding.rs:9:9
  |
9 |     use super::*;
  |         ^^^^^^^^

warning: unused import: `super::*`
  --> C:\Users\VIC\ferro-browser\target\debug\build\script_bindings-d3a89518d44c63f9\out/Bindings\HTMLSourceElementBinding.rs:12:9
   |
12 |     use super::*;
   |         ^^^^^^^^

warning: unused import: `super::*`
  --> C:\Users\VIC\ferro-browser\target\debug\build\script_bindings-d3a89518d44c63f9\out/Bindings\HTMLSpanElementBinding.rs:12:9
   |
12 |     use super::*;
   |         ^^^^^^^^

warning: unused import: `super::*`
  --> C:\Users\VIC\ferro-browser\target\debug\build\script_bindings-d3a89518d44c63f9\out/Bindings\HTMLStyleElementBinding.rs:12:9
   |
12 |     use super::*;
   |         ^^^^^^^^

warning: unused import: `super::*`
  --> C:\Users\VIC\ferro-browser\target\debug\build\script_bindings-d3a89518d44c63f9\out/Bindings\HTMLTableCaptionElementBinding.rs:12:9
   |
12 |     use super::*;
   |         ^^^^^^^^

warning: unused import: `super::*`
  --> C:\Users\VIC\ferro-browser\target\debug\build\script_bindings-d3a89518d44c63f9\out/Bindings\HTMLTableCellElementBinding.rs:12:9
   |
12 |     use super::*;
   |         ^^^^^^^^

warning: unused import: `super::*`
  --> C:\Users\VIC\ferro-browser\target\debug\build\script_bindings-d3a89518d44c63f9\out/Bindings\HTMLTableColElementBinding.rs:12:9
   |
12 |     use super::*;
   |         ^^^^^^^^

warning: unused import: `super::*`
  --> C:\Users\VIC\ferro-browser\target\debug\build\script_bindings-d3a89518d44c63f9\out/Bindings\HTMLTableElementBinding.rs:12:9
   |
12 |     use super::*;
   |         ^^^^^^^^

warning: unused import: `super::*`
  --> C:\Users\VIC\ferro-browser\target\debug\build\script_bindings-d3a89518d44c63f9\out/Bindings\HTMLTableRowElementBinding.rs:12:9
   |
12 |     use super::*;
   |         ^^^^^^^^

warning: unused import: `super::*`
  --> C:\Users\VIC\ferro-browser\target\debug\build\script_bindings-d3a89518d44c63f9\out/Bindings\HTMLTableSectionElementBinding.rs:12:9
   |
12 |     use super::*;
   |         ^^^^^^^^

warning: unused import: `super::*`
  --> C:\Users\VIC\ferro-browser\target\debug\build\script_bindings-d3a89518d44c63f9\out/Bindings\HTMLTemplateElementBinding.rs:12:9
   |
12 |     use super::*;
   |         ^^^^^^^^

warning: unused import: `super::*`
  --> C:\Users\VIC\ferro-browser\target\debug\build\script_bindings-d3a89518d44c63f9\out/Bindings\HTMLTextAreaElementBinding.rs:12:9
   |
12 |     use super::*;
   |         ^^^^^^^^

warning: unused import: `super::*`
  --> C:\Users\VIC\ferro-browser\target\debug\build\script_bindings-d3a89518d44c63f9\out/Bindings\HTMLTimeElementBinding.rs:12:9
   |
12 |     use super::*;
   |         ^^^^^^^^

warning: unused import: `super::*`
  --> C:\Users\VIC\ferro-browser\target\debug\build\script_bindings-d3a89518d44c63f9\out/Bindings\HTMLTitleElementBinding.rs:12:9
   |
12 |     use super::*;
   |         ^^^^^^^^

warning: unused import: `super::*`
 --> C:\Users\VIC\ferro-browser\target\debug\build\script_bindings-d3a89518d44c63f9\out/Bindings\HTMLTrackElementBinding.rs:9:9
  |
9 |     use super::*;
  |         ^^^^^^^^

warning: unused import: `super::*`
  --> C:\Users\VIC\ferro-browser\target\debug\build\script_bindings-d3a89518d44c63f9\out/Bindings\HTMLUListElementBinding.rs:12:9
   |
12 |     use super::*;
   |         ^^^^^^^^

warning: unused import: `super::*`
  --> C:\Users\VIC\ferro-browser\target\debug\build\script_bindings-d3a89518d44c63f9\out/Bindings\HTMLUnknownElementBinding.rs:12:9
   |
12 |     use super::*;
   |         ^^^^^^^^

warning: unused import: `super::*`
  --> C:\Users\VIC\ferro-browser\target\debug\build\script_bindings-d3a89518d44c63f9\out/Bindings\HTMLVideoElementBinding.rs:12:9
   |
12 |     use super::*;
   |         ^^^^^^^^

warning: unused import: `super::*`
  --> C:\Users\VIC\ferro-browser\target\debug\build\script_bindings-d3a89518d44c63f9\out/Bindings\HTMLDocumentBinding.rs:12:9
   |
12 |     use super::*;
   |         ^^^^^^^^

warning: unused import: `super::*`
  --> C:\Users\VIC\ferro-browser\target\debug\build\script_bindings-d3a89518d44c63f9\out/Bindings\SVGElementBinding.rs:12:9
   |
12 |     use super::*;
   |         ^^^^^^^^

warning: unused import: `super::*`
  --> C:\Users\VIC\ferro-browser\target\debug\build\script_bindings-d3a89518d44c63f9\out/Bindings\SVGSVGElementBinding.rs:12:9
   |
12 |     use super::*;
   |         ^^^^^^^^

warning: unused import: `super::*`
  --> C:\Users\VIC\ferro-browser\target\debug\build\script_bindings-d3a89518d44c63f9\out/Bindings\SVGGraphicsElementBinding.rs:12:9
   |
12 |     use super::*;
   |         ^^^^^^^^

warning: unused import: `super::*`
  --> C:\Users\VIC\ferro-browser\target\debug\build\script_bindings-d3a89518d44c63f9\out/Bindings\MathMLElementBinding.rs:12:9
   |
12 |     use super::*;
   |         ^^^^^^^^

warning: unused import: `super::*`
 --> C:\Users\VIC\ferro-browser\target\debug\build\script_bindings-d3a89518d44c63f9\out/Bindings\DOMExceptionBinding.rs:9:9
  |
9 |     use super::*;
  |         ^^^^^^^^

warning: unused import: `super::*`
 --> C:\Users\VIC\ferro-browser\target\debug\build\script_bindings-d3a89518d44c63f9\out/Bindings\DOMMatrixBinding.rs:9:9
  |
9 |     use super::*;
  |         ^^^^^^^^

warning: unused import: `super::*`
 --> C:\Users\VIC\ferro-browser\target\debug\build\script_bindings-d3a89518d44c63f9\out/Bindings\DOMParserBinding.rs:9:9
  |
9 |     use super::*;
  |         ^^^^^^^^

warning: variant `Text_html` should have an upper camel case name
  --> C:\Users\VIC\ferro-browser\target\debug\build\script_bindings-d3a89518d44c63f9\out/Bindings\DOMParserBinding.rs:15:5
   |
15 |     Text_html,
   |     ^^^^^^^^^ help: convert the identifier to upper camel case: `TextHtml`
   |
   = note: `#[warn(non_camel_case_types)]` (part of `#[warn(nonstandard_style)]`) on by default

warning: variant `Text_xml` should have an upper camel case name
  --> C:\Users\VIC\ferro-browser\target\debug\build\script_bindings-d3a89518d44c63f9\out/Bindings\DOMParserBinding.rs:16:5
   |
16 |     Text_xml,
   |     ^^^^^^^^ help: convert the identifier to upper camel case: `TextXml`

warning: variant `Application_xml` should have an upper camel case name
  --> C:\Users\VIC\ferro-browser\target\debug\build\script_bindings-d3a89518d44c63f9\out/Bindings\DOMParserBinding.rs:17:5
   |
17 |     Application_xml,
   |     ^^^^^^^^^^^^^^^ help: convert the identifier to upper camel case: `ApplicationXml`

warning: variant `Application_xhtml_xml` should have an upper camel case name
  --> C:\Users\VIC\ferro-browser\target\debug\build\script_bindings-d3a89518d44c63f9\out/Bindings\DOMParserBinding.rs:18:5
   |
18 |     Application_xhtml_xml,
   |     ^^^^^^^^^^^^^^^^^^^^^ help: convert the identifier to upper camel case: `ApplicationXhtmlXml`

warning: variant `Image_svg_xml` should have an upper camel case name
  --> C:\Users\VIC\ferro-browser\target\debug\build\script_bindings-d3a89518d44c63f9\out/Bindings\DOMParserBinding.rs:19:5
   |
19 |     Image_svg_xml,
   |     ^^^^^^^^^^^^^ help: convert the identifier to upper camel case: `ImageSvgXml`

warning: unused import: `super::*`
 --> C:\Users\VIC\ferro-browser\target\debug\build\script_bindings-d3a89518d44c63f9\out/Bindings\DOMPointBinding.rs:9:9
  |
9 |     use super::*;
  |         ^^^^^^^^

warning: unused import: `super::*`
 --> C:\Users\VIC\ferro-browser\target\debug\build\script_bindings-d3a89518d44c63f9\out/Bindings\DOMQuadBinding.rs:9:9
  |
9 |     use super::*;
  |         ^^^^^^^^

warning: unused import: `super::*`
  --> C:\Users\VIC\ferro-browser\target\debug\build\script_bindings-d3a89518d44c63f9\out/Bindings\DOMRectBinding.rs:12:9
   |
12 |     use super::*;
   |         ^^^^^^^^

warning: unused import: `super::*`
  --> C:\Users\VIC\ferro-browser\target\debug\build\script_bindings-d3a89518d44c63f9\out/Bindings\DOMTokenListBinding.rs:12:9
   |
12 |     use super::*;
   |         ^^^^^^^^

warning: unused import: `super::*`
  --> C:\Users\VIC\ferro-browser\target\debug\build\script_bindings-d3a89518d44c63f9\out/Bindings\DOMStringListBinding.rs:12:9
   |
12 |     use super::*;
   |         ^^^^^^^^

warning: unused import: `super::*`
  --> C:\Users\VIC\ferro-browser\target\debug\build\script_bindings-d3a89518d44c63f9\out/Bindings\DOMImplementationBinding.rs:12:9
   |
12 |     use super::*;
   |         ^^^^^^^^

warning: unused import: `super::*`
 --> C:\Users\VIC\ferro-browser\target\debug\build\script_bindings-d3a89518d44c63f9\out/Bindings\CSSBinding.rs:9:9
  |
9 |     use super::*;
  |         ^^^^^^^^

warning: unused import: `super::*`
  --> C:\Users\VIC\ferro-browser\target\debug\build\script_bindings-d3a89518d44c63f9\out/Bindings\CSSRuleBinding.rs:12:9
   |
12 |     use super::*;
   |         ^^^^^^^^

warning: unused import: `super::*`
  --> C:\Users\VIC\ferro-browser\target\debug\build\script_bindings-d3a89518d44c63f9\out/Bindings\CSSRuleListBinding.rs:12:9
   |
12 |     use super::*;
   |         ^^^^^^^^

warning: unused import: `super::*`
  --> C:\Users\VIC\ferro-browser\target\debug\build\script_bindings-d3a89518d44c63f9\out/Bindings\CSSStyleDeclarationBinding.rs:12:9
   |
12 |     use super::*;
   |         ^^^^^^^^

warning: unused import: `super::*`
  --> C:\Users\VIC\ferro-browser\target\debug\build\script_bindings-d3a89518d44c63f9\out/Bindings\CSSStyleRuleBinding.rs:12:9
   |
12 |     use super::*;
   |         ^^^^^^^^

warning: unused import: `super::*`
 --> C:\Users\VIC\ferro-browser\target\debug\build\script_bindings-d3a89518d44c63f9\out/Bindings\CSSStyleSheetBinding.rs:9:9
  |
9 |     use super::*;
  |         ^^^^^^^^

warning: unused import: `super::*`
  --> C:\Users\VIC\ferro-browser\target\debug\build\script_bindings-d3a89518d44c63f9\out/Bindings\StyleSheetBinding.rs:12:9
   |
12 |     use super::*;
   |         ^^^^^^^^

warning: unused import: `super::*`
  --> C:\Users\VIC\ferro-browser\target\debug\build\script_bindings-d3a89518d44c63f9\out/Bindings\StyleSheetListBinding.rs:12:9
   |
12 |     use super::*;
   |         ^^^^^^^^

warning: unused import: `super::*`
 --> C:\Users\VIC\ferro-browser\target\debug\build\script_bindings-d3a89518d44c63f9\out/Bindings\AnimationEventBinding.rs:9:9
  |
9 |     use super::*;
  |         ^^^^^^^^

warning: unused import: `super::*`
  --> C:\Users\VIC\ferro-browser\target\debug\build\script_bindings-d3a89518d44c63f9\out/Bindings\BeforeUnloadEventBinding.rs:12:9
   |
12 |     use super::*;
   |         ^^^^^^^^

warning: unused import: `super::*`
 --> C:\Users\VIC\ferro-browser\target\debug\build\script_bindings-d3a89518d44c63f9\out/Bindings\ClipboardEventBinding.rs:9:9
  |
9 |     use super::*;
  |         ^^^^^^^^

warning: unused import: `super::*`
  --> C:\Users\VIC\ferro-browser\target\debug\build\script_bindings-d3a89518d44c63f9\out/Bindings\CompositionEventBinding.rs:12:9
   |
12 |     use super::*;
   |         ^^^^^^^^

warning: unused import: `super::*`
  --> C:\Users\VIC\ferro-browser\target\debug\build\script_bindings-d3a89518d44c63f9\out/Bindings\CustomEventBinding.rs:12:9
   |
12 |     use super::*;
   |         ^^^^^^^^

warning: unused import: `super::*`
  --> C:\Users\VIC\ferro-browser\target\debug\build\script_bindings-d3a89518d44c63f9\out/Bindings\DragEventBinding.rs:12:9
   |
12 |     use super::*;
   |         ^^^^^^^^

warning: unused import: `super::*`
  --> C:\Users\VIC\ferro-browser\target\debug\build\script_bindings-d3a89518d44c63f9\out/Bindings\ErrorEventBinding.rs:12:9
   |
12 |     use super::*;
   |         ^^^^^^^^

warning: unused import: `super::*`
  --> C:\Users\VIC\ferro-browser\target\debug\build\script_bindings-d3a89518d44c63f9\out/Bindings\FocusEventBinding.rs:12:9
   |
12 |     use super::*;
   |         ^^^^^^^^

warning: unused import: `super::*`
  --> C:\Users\VIC\ferro-browser\target\debug\build\script_bindings-d3a89518d44c63f9\out/Bindings\HashChangeEventBinding.rs:12:9
   |
12 |     use super::*;
   |         ^^^^^^^^

warning: unused import: `super::*`
  --> C:\Users\VIC\ferro-browser\target\debug\build\script_bindings-d3a89518d44c63f9\out/Bindings\InputEventBinding.rs:12:9
   |
12 |     use super::*;
   |         ^^^^^^^^

warning: unused import: `super::*`
  --> C:\Users\VIC\ferro-browser\target\debug\build\script_bindings-d3a89518d44c63f9\out/Bindings\KeyboardEventBinding.rs:12:9
   |
12 |     use super::*;
   |         ^^^^^^^^

warning: unused import: `super::*`
  --> C:\Users\VIC\ferro-browser\target\debug\build\script_bindings-d3a89518d44c63f9\out/Bindings\MessageEventBinding.rs:12:9
   |
12 |     use super::*;
   |         ^^^^^^^^

warning: unused import: `super::*`
  --> C:\Users\VIC\ferro-browser\target\debug\build\script_bindings-d3a89518d44c63f9\out/Bindings\MouseEventBinding.rs:12:9
   |
12 |     use super::*;
   |         ^^^^^^^^

warning: unused import: `super::*`
  --> C:\Users\VIC\ferro-browser\target\debug\build\script_bindings-d3a89518d44c63f9\out/Bindings\MutationEventBinding.rs:12:9
   |
12 |     use super::*;
   |         ^^^^^^^^

warning: unused import: `super::*`
  --> C:\Users\VIC\ferro-browser\target\debug\build\script_bindings-d3a89518d44c63f9\out/Bindings\PageTransitionEventBinding.rs:12:9
   |
12 |     use super::*;
   |         ^^^^^^^^

warning: unused import: `super::*`
 --> C:\Users\VIC\ferro-browser\target\debug\build\script_bindings-d3a89518d44c63f9\out/Bindings\PointerEventBinding.rs:9:9
  |
9 |     use super::*;
  |         ^^^^^^^^

warning: unused import: `super::*`
  --> C:\Users\VIC\ferro-browser\target\debug\build\script_bindings-d3a89518d44c63f9\out/Bindings\PopStateEventBinding.rs:12:9
   |
12 |     use super::*;
   |         ^^^^^^^^

warning: unused import: `super::*`
  --> C:\Users\VIC\ferro-browser\target\debug\build\script_bindings-d3a89518d44c63f9\out/Bindings\ProgressEventBinding.rs:12:9
   |
12 |     use super::*;
   |         ^^^^^^^^

warning: unused import: `super::*`
  --> C:\Users\VIC\ferro-browser\target\debug\build\script_bindings-d3a89518d44c63f9\out/Bindings\StorageEventBinding.rs:12:9
   |
12 |     use super::*;
   |         ^^^^^^^^

warning: unused import: `super::*`
  --> C:\Users\VIC\ferro-browser\target\debug\build\script_bindings-d3a89518d44c63f9\out/Bindings\TouchBinding.rs:12:9
   |
12 |     use super::*;
   |         ^^^^^^^^

warning: unused import: `super::*`
  --> C:\Users\VIC\ferro-browser\target\debug\build\script_bindings-d3a89518d44c63f9\out/Bindings\TouchEventBinding.rs:12:9
   |
12 |     use super::*;
   |         ^^^^^^^^

warning: unused import: `super::*`
  --> C:\Users\VIC\ferro-browser\target\debug\build\script_bindings-d3a89518d44c63f9\out/Bindings\TouchListBinding.rs:12:9
   |
12 |     use super::*;
   |         ^^^^^^^^

warning: unused import: `super::*`
 --> C:\Users\VIC\ferro-browser\target\debug\build\script_bindings-d3a89518d44c63f9\out/Bindings\TransitionEventBinding.rs:9:9
  |
9 |     use super::*;
  |         ^^^^^^^^

warning: unused import: `super::*`
  --> C:\Users\VIC\ferro-browser\target\debug\build\script_bindings-d3a89518d44c63f9\out/Bindings\UIEventBinding.rs:12:9
   |
12 |     use super::*;
   |         ^^^^^^^^

warning: unused import: `super::*`
  --> C:\Users\VIC\ferro-browser\target\debug\build\script_bindings-d3a89518d44c63f9\out/Bindings\WheelEventBinding.rs:12:9
   |
12 |     use super::*;
   |         ^^^^^^^^

warning: unused import: `super::*`
  --> C:\Users\VIC\ferro-browser\target\debug\build\script_bindings-d3a89518d44c63f9\out/Bindings\XMLHttpRequestBinding.rs:10:9
   |
10 |     use super::*;
   |         ^^^^^^^^

warning: unused import: `super::*`
  --> C:\Users\VIC\ferro-browser\target\debug\build\script_bindings-d3a89518d44c63f9\out/Bindings\XMLHttpRequestEventTargetBinding.rs:12:9
   |
12 |     use super::*;
   |         ^^^^^^^^

warning: unused import: `super::*`
  --> C:\Users\VIC\ferro-browser\target\debug\build\script_bindings-d3a89518d44c63f9\out/Bindings\XMLHttpRequestUploadBinding.rs:12:9
   |
12 |     use super::*;
   |         ^^^^^^^^

warning: unused import: `super::*`
  --> C:\Users\VIC\ferro-browser\target\debug\build\script_bindings-d3a89518d44c63f9\out/Bindings\FetchBinding.rs:12:9
   |
12 |     use super::*;
   |         ^^^^^^^^

warning: unused import: `super::*`
  --> C:\Users\VIC\ferro-browser\target\debug\build\script_bindings-d3a89518d44c63f9\out/Bindings\RequestBinding.rs:10:9
   |
10 |     use super::*;
   |         ^^^^^^^^

warning: unused import: `super::*`
 --> C:\Users\VIC\ferro-browser\target\debug\build\script_bindings-d3a89518d44c63f9\out/Bindings\ResponseBinding.rs:9:9
  |
9 |     use super::*;
  |         ^^^^^^^^

warning: unused import: `super::*`
 --> C:\Users\VIC\ferro-browser\target\debug\build\script_bindings-d3a89518d44c63f9\out/Bindings\HeadersBinding.rs:9:9
  |
9 |     use super::*;
  |         ^^^^^^^^

warning: unused import: `super::*`
  --> C:\Users\VIC\ferro-browser\target\debug\build\script_bindings-d3a89518d44c63f9\out/Bindings\FormDataBinding.rs:12:9
   |
12 |     use super::*;
   |         ^^^^^^^^

warning: unused import: `super::*`
  --> C:\Users\VIC\ferro-browser\target\debug\build\script_bindings-d3a89518d44c63f9\out/Bindings\URLBinding.rs:12:9
   |
12 |     use super::*;
   |         ^^^^^^^^

warning: unused import: `super::*`
 --> C:\Users\VIC\ferro-browser\target\debug\build\script_bindings-d3a89518d44c63f9\out/Bindings\URLPatternBinding.rs:9:9
  |
9 |     use super::*;
  |         ^^^^^^^^

warning: unused import: `super::*`
  --> C:\Users\VIC\ferro-browser\target\debug\build\script_bindings-d3a89518d44c63f9\out/Bindings\URLSearchParamsBinding.rs:12:9
   |
12 |     use super::*;
   |         ^^^^^^^^

warning: unused import: `super::*`
  --> C:\Users\VIC\ferro-browser\target\debug\build\script_bindings-d3a89518d44c63f9\out/Bindings\BlobBinding.rs:12:9
   |
12 |     use super::*;
   |         ^^^^^^^^

warning: unused import: `super::*`
  --> C:\Users\VIC\ferro-browser\target\debug\build\script_bindings-d3a89518d44c63f9\out/Bindings\FileBinding.rs:12:9
   |
12 |     use super::*;
   |         ^^^^^^^^

warning: unused import: `super::*`
  --> C:\Users\VIC\ferro-browser\target\debug\build\script_bindings-d3a89518d44c63f9\out/Bindings\FileListBinding.rs:12:9
   |
12 |     use super::*;
   |         ^^^^^^^^

warning: unused import: `super::*`
 --> C:\Users\VIC\ferro-browser\target\debug\build\script_bindings-d3a89518d44c63f9\out/Bindings\FileReaderBinding.rs:9:9
  |
9 |     use super::*;
  |         ^^^^^^^^

warning: unused import: `super::*`
  --> C:\Users\VIC\ferro-browser\target\debug\build\script_bindings-d3a89518d44c63f9\out/Bindings\HistoryBinding.rs:12:9
   |
12 |     use super::*;
   |         ^^^^^^^^

warning: unused import: `super::*`
  --> C:\Users\VIC\ferro-browser\target\debug\build\script_bindings-d3a89518d44c63f9\out/Bindings\LocationBinding.rs:12:9
   |
12 |     use super::*;
   |         ^^^^^^^^

warning: unused import: `super::*`
  --> C:\Users\VIC\ferro-browser\target\debug\build\script_bindings-d3a89518d44c63f9\out/Bindings\NavigatorBinding.rs:12:9
   |
12 |     use super::*;
   |         ^^^^^^^^

warning: unused import: `super::*`
  --> C:\Users\VIC\ferro-browser\target\debug\build\script_bindings-d3a89518d44c63f9\out/Bindings\ScreenBinding.rs:12:9
   |
12 |     use super::*;
   |         ^^^^^^^^

warning: unused import: `super::*`
  --> C:\Users\VIC\ferro-browser\target\debug\build\script_bindings-d3a89518d44c63f9\out/Bindings\StorageBinding.rs:12:9
   |
12 |     use super::*;
   |         ^^^^^^^^

warning: unused import: `super::*`
 --> C:\Users\VIC\ferro-browser\target\debug\build\script_bindings-d3a89518d44c63f9\out/Bindings\PerformanceBinding.rs:9:9
  |
9 |     use super::*;
  |         ^^^^^^^^

warning: unused import: `super::*`
  --> C:\Users\VIC\ferro-browser\target\debug\build\script_bindings-d3a89518d44c63f9\out/Bindings\PerformanceEntryBinding.rs:12:9
   |
12 |     use super::*;
   |         ^^^^^^^^

warning: unused import: `super::*`
  --> C:\Users\VIC\ferro-browser\target\debug\build\script_bindings-d3a89518d44c63f9\out/Bindings\PerformanceTimingBinding.rs:12:9
   |
12 |     use super::*;
   |         ^^^^^^^^

warning: unused import: `super::*`
  --> C:\Users\VIC\ferro-browser\target\debug\build\script_bindings-d3a89518d44c63f9\out/Bindings\CanvasGradientBinding.rs:12:9
   |
12 |     use super::*;
   |         ^^^^^^^^

warning: unused import: `super::*`
  --> C:\Users\VIC\ferro-browser\target\debug\build\script_bindings-d3a89518d44c63f9\out/Bindings\CanvasPatternBinding.rs:12:9
   |
12 |     use super::*;
   |         ^^^^^^^^

warning: unused import: `super::*`
  --> C:\Users\VIC\ferro-browser\target\debug\build\script_bindings-d3a89518d44c63f9\out/Bindings\CanvasRenderingContext2DBinding.rs:12:9
   |
12 |     use super::*;
   |         ^^^^^^^^

warning: unused import: `super::*`
  --> C:\Users\VIC\ferro-browser\target\debug\build\script_bindings-d3a89518d44c63f9\out/Bindings\ImageDataBinding.rs:12:9
   |
12 |     use super::*;
   |         ^^^^^^^^

warning: unused import: `super::*`
  --> C:\Users\VIC\ferro-browser\target\debug\build\script_bindings-d3a89518d44c63f9\out/Bindings\Path2DBinding.rs:12:9
   |
12 |     use super::*;
   |         ^^^^^^^^

warning: unused import: `super::*`
  --> C:\Users\VIC\ferro-browser\target\debug\build\script_bindings-d3a89518d44c63f9\out/Bindings\TextMetricsBinding.rs:12:9
   |
12 |     use super::*;
   |         ^^^^^^^^

warning: unused import: `std::marker::PhantomData`
 --> C:\Users\VIC\ferro-browser\target\debug\build\script_bindings-d3a89518d44c63f9\out/Bindings\WebGL2RenderingContextBinding.rs:5:5
  |
5 | use std::marker::PhantomData;
  |     ^^^^^^^^^^^^^^^^^^^^^^^^

warning: unused import: `super::*`
  --> C:\Users\VIC\ferro-browser\target\debug\build\script_bindings-d3a89518d44c63f9\out/Bindings\WebGL2RenderingContextBinding.rs:10:9
   |
10 |     use super::*;
   |         ^^^^^^^^

warning: unused import: `super::*`
  --> C:\Users\VIC\ferro-browser\target\debug\build\script_bindings-d3a89518d44c63f9\out/Bindings\WebGLRenderingContextBinding.rs:10:9
   |
10 |     use super::*;
   |         ^^^^^^^^

warning: unused import: `super::*`
 --> C:\Users\VIC\ferro-browser\target\debug\build\script_bindings-d3a89518d44c63f9\out/Bindings\AudioContextBinding.rs:9:9
  |
9 |     use super::*;
  |         ^^^^^^^^

warning: unused import: `super::*`
 --> C:\Users\VIC\ferro-browser\target\debug\build\script_bindings-d3a89518d44c63f9\out/Bindings\AudioNodeBinding.rs:9:9
  |
9 |     use super::*;
  |         ^^^^^^^^

warning: unused import: `super::*`
 --> C:\Users\VIC\ferro-browser\target\debug\build\script_bindings-d3a89518d44c63f9\out/Bindings\AnalyserNodeBinding.rs:9:9
  |
9 |     use super::*;
  |         ^^^^^^^^

warning: unused import: `super::*`
 --> C:\Users\VIC\ferro-browser\target\debug\build\script_bindings-d3a89518d44c63f9\out/Bindings\GainNodeBinding.rs:9:9
  |
9 |     use super::*;
  |         ^^^^^^^^

warning: unused import: `super::*`
 --> C:\Users\VIC\ferro-browser\target\debug\build\script_bindings-d3a89518d44c63f9\out/Bindings\OscillatorNodeBinding.rs:9:9
  |
9 |     use super::*;
  |         ^^^^^^^^

warning: unused import: `super::*`
 --> C:\Users\VIC\ferro-browser\target\debug\build\script_bindings-d3a89518d44c63f9\out/Bindings\AudioBufferBinding.rs:9:9
  |
9 |     use super::*;
  |         ^^^^^^^^

warning: unused import: `super::*`
  --> C:\Users\VIC\ferro-browser\target\debug\build\script_bindings-d3a89518d44c63f9\out/Bindings\DedicatedWorkerGlobalScopeBinding.rs:12:9
   |
12 |     use super::*;
   |         ^^^^^^^^

warning: unused import: `super::*`
  --> C:\Users\VIC\ferro-browser\target\debug\build\script_bindings-d3a89518d44c63f9\out/Bindings\GlobalScopeBinding.rs:12:9
   |
12 |     use super::*;
   |         ^^^^^^^^

warning: unused import: `super::*`
 --> C:\Users\VIC\ferro-browser\target\debug\build\script_bindings-d3a89518d44c63f9\out/Bindings\ServiceWorkerBinding.rs:9:9
  |
9 |     use super::*;
  |         ^^^^^^^^

warning: unused import: `super::*`
 --> C:\Users\VIC\ferro-browser\target\debug\build\script_bindings-d3a89518d44c63f9\out/Bindings\ServiceWorkerContainerBinding.rs:9:9
  |
9 |     use super::*;
  |         ^^^^^^^^

warning: unused import: `super::*`
  --> C:\Users\VIC\ferro-browser\target\debug\build\script_bindings-d3a89518d44c63f9\out/Bindings\ServiceWorkerGlobalScopeBinding.rs:12:9
   |
12 |     use super::*;
   |         ^^^^^^^^

warning: unused import: `super::*`
 --> C:\Users\VIC\ferro-browser\target\debug\build\script_bindings-d3a89518d44c63f9\out/Bindings\ServiceWorkerRegistrationBinding.rs:9:9
  |
9 |     use super::*;
  |         ^^^^^^^^

warning: unused import: `super::*`
  --> C:\Users\VIC\ferro-browser\target\debug\build\script_bindings-d3a89518d44c63f9\out/Bindings\SharedWorkerGlobalScopeBinding.rs:12:9
   |
12 |     use super::*;
   |         ^^^^^^^^

warning: unused import: `super::*`
 --> C:\Users\VIC\ferro-browser\target\debug\build\script_bindings-d3a89518d44c63f9\out/Bindings\WorkerBinding.rs:9:9
  |
9 |     use super::*;
  |         ^^^^^^^^

warning: unused import: `super::*`
  --> C:\Users\VIC\ferro-browser\target\debug\build\script_bindings-d3a89518d44c63f9\out/Bindings\WorkerGlobalScopeBinding.rs:12:9
   |
12 |     use super::*;
   |         ^^^^^^^^

warning: unused import: `super::*`
  --> C:\Users\VIC\ferro-browser\target\debug\build\script_bindings-d3a89518d44c63f9\out/Bindings\BroadcastChannelBinding.rs:12:9
   |
12 |     use super::*;
   |         ^^^^^^^^

warning: unused import: `super::*`
 --> C:\Users\VIC\ferro-browser\target\debug\build\script_bindings-d3a89518d44c63f9\out/Bindings\MessagePortBinding.rs:9:9
  |
9 |     use super::*;
  |         ^^^^^^^^

warning: unused import: `super::*`
 --> C:\Users\VIC\ferro-browser\target\debug\build\script_bindings-d3a89518d44c63f9\out/Bindings\WebSocketBinding.rs:9:9
  |
9 |     use super::*;
  |         ^^^^^^^^

warning: unused import: `super::*`
  --> C:\Users\VIC\ferro-browser\target\debug\build\script_bindings-d3a89518d44c63f9\out/Bindings\CryptoBinding.rs:12:9
   |
12 |     use super::*;
   |         ^^^^^^^^

warning: unused import: `super::*`
  --> C:\Users\VIC\ferro-browser\target\debug\build\script_bindings-d3a89518d44c63f9\out/Bindings\CryptoKeyBinding.rs:10:9
   |
10 |     use super::*;
   |         ^^^^^^^^

warning: unused import: `std::marker::PhantomData`
 --> C:\Users\VIC\ferro-browser\target\debug\build\script_bindings-d3a89518d44c63f9\out/Bindings\SubtleCryptoBinding.rs:5:5
  |
5 | use std::marker::PhantomData;
  |     ^^^^^^^^^^^^^^^^^^^^^^^^

warning: unused import: `super::*`
  --> C:\Users\VIC\ferro-browser\target\debug\build\script_bindings-d3a89518d44c63f9\out/Bindings\SubtleCryptoBinding.rs:10:9
   |
10 |     use super::*;
   |         ^^^^^^^^

warning: unused import: `super::*`
 --> C:\Users\VIC\ferro-browser\target\debug\build\script_bindings-d3a89518d44c63f9\out/Bindings\CredentialsContainerBinding.rs:9:9
  |
9 |     use super::*;
  |         ^^^^^^^^

warning: unused import: `super::*`
 --> C:\Users\VIC\ferro-browser\target\debug\build\script_bindings-d3a89518d44c63f9\out/Bindings\PasswordCredentialBinding.rs:9:9
  |
9 |     use super::*;
  |         ^^^^^^^^

warning: unused import: `super::*`
  --> C:\Users\VIC\ferro-browser\target\debug\build\script_bindings-d3a89518d44c63f9\out/Bindings\PublicKeyCredentialBinding.rs:12:9
   |
12 |     use super::*;
   |         ^^^^^^^^

warning: unused import: `super::*`
  --> C:\Users\VIC\ferro-browser\target\debug\build\script_bindings-d3a89518d44c63f9\out/Bindings\GeolocationBinding.rs:10:9
   |
10 |     use super::*;
   |         ^^^^^^^^

warning: unused import: `super::*`
  --> C:\Users\VIC\ferro-browser\target\debug\build\script_bindings-d3a89518d44c63f9\out/Bindings\GeolocationCoordinatesBinding.rs:12:9
   |
12 |     use super::*;
   |         ^^^^^^^^

warning: unused import: `super::*`
  --> C:\Users\VIC\ferro-browser\target\debug\build\script_bindings-d3a89518d44c63f9\out/Bindings\GeolocationPositionBinding.rs:12:9
   |
12 |     use super::*;
   |         ^^^^^^^^

warning: unused import: `super::*`
  --> C:\Users\VIC\ferro-browser\target\debug\build\script_bindings-d3a89518d44c63f9\out/Bindings\GeolocationPositionErrorBinding.rs:12:9
   |
12 |     use super::*;
   |         ^^^^^^^^

warning: unused import: `super::*`
 --> C:\Users\VIC\ferro-browser\target\debug\build\script_bindings-d3a89518d44c63f9\out/Bindings\MediaSourceBinding.rs:9:9
  |
9 |     use super::*;
  |         ^^^^^^^^

warning: unused import: `super::*`
 --> C:\Users\VIC\ferro-browser\target\debug\build\script_bindings-d3a89518d44c63f9\out/Bindings\SourceBufferBinding.rs:9:9
  |
9 |     use super::*;
  |         ^^^^^^^^

warning: unused import: `super::*`
  --> C:\Users\VIC\ferro-browser\target\debug\build\script_bindings-d3a89518d44c63f9\out/Bindings\SourceBufferListBinding.rs:12:9
   |
12 |     use super::*;
   |         ^^^^^^^^

warning: unused import: `super::*`
 --> C:\Users\VIC\ferro-browser\target\debug\build\script_bindings-d3a89518d44c63f9\out/Bindings\IDBCursorBinding.rs:9:9
  |
9 |     use super::*;
  |         ^^^^^^^^

warning: unused import: `super::*`
 --> C:\Users\VIC\ferro-browser\target\debug\build\script_bindings-d3a89518d44c63f9\out/Bindings\IDBDatabaseBinding.rs:9:9
  |
9 |     use super::*;
  |         ^^^^^^^^

warning: unused import: `super::*`
  --> C:\Users\VIC\ferro-browser\target\debug\build\script_bindings-d3a89518d44c63f9\out/Bindings\IDBIndexBinding.rs:12:9
   |
12 |     use super::*;
   |         ^^^^^^^^

warning: unused import: `super::*`
  --> C:\Users\VIC\ferro-browser\target\debug\build\script_bindings-d3a89518d44c63f9\out/Bindings\IDBKeyRangeBinding.rs:12:9
   |
12 |     use super::*;
   |         ^^^^^^^^

warning: unused import: `super::*`
  --> C:\Users\VIC\ferro-browser\target\debug\build\script_bindings-d3a89518d44c63f9\out/Bindings\IDBObjectStoreBinding.rs:12:9
   |
12 |     use super::*;
   |         ^^^^^^^^

warning: unused import: `super::*`
 --> C:\Users\VIC\ferro-browser\target\debug\build\script_bindings-d3a89518d44c63f9\out/Bindings\IDBRequestBinding.rs:9:9
  |
9 |     use super::*;
  |         ^^^^^^^^

warning: unused import: `super::*`
 --> C:\Users\VIC\ferro-browser\target\debug\build\script_bindings-d3a89518d44c63f9\out/Bindings\IDBTransactionBinding.rs:9:9
  |
9 |     use super::*;
  |         ^^^^^^^^

warning: unused import: `super::*`
  --> C:\Users\VIC\ferro-browser\target\debug\build\script_bindings-d3a89518d44c63f9\out/Bindings\IntersectionObserverBinding.rs:10:9
   |
10 |     use super::*;
   |         ^^^^^^^^

warning: unused import: `super::*`
  --> C:\Users\VIC\ferro-browser\target\debug\build\script_bindings-d3a89518d44c63f9\out/Bindings\MutationObserverBinding.rs:10:9
   |
10 |     use super::*;
   |         ^^^^^^^^

warning: unused import: `super::*`
  --> C:\Users\VIC\ferro-browser\target\debug\build\script_bindings-d3a89518d44c63f9\out/Bindings\ResizeObserverBinding.rs:10:9
   |
10 |     use super::*;
   |         ^^^^^^^^

warning: unused import: `super::*`
 --> C:\Users\VIC\ferro-browser\target\debug\build\script_bindings-d3a89518d44c63f9\out/Bindings\ClientBinding.rs:9:9
  |
9 |     use super::*;
  |         ^^^^^^^^

warning: unused import: `super::*`
  --> C:\Users\VIC\ferro-browser\target\debug\build\script_bindings-d3a89518d44c63f9\out/Bindings\ClipboardBinding.rs:10:9
   |
10 |     use super::*;
   |         ^^^^^^^^

warning: unused import: `super::*`
 --> C:\Users\VIC\ferro-browser\target\debug\build\script_bindings-d3a89518d44c63f9\out/Bindings\CloseEventBinding.rs:9:9
  |
9 |     use super::*;
  |         ^^^^^^^^

warning: unused import: `super::*`
  --> C:\Users\VIC\ferro-browser\target\debug\build\script_bindings-d3a89518d44c63f9\out/Bindings\CommandEventBinding.rs:12:9
   |
12 |     use super::*;
   |         ^^^^^^^^

warning: unused import: `super::*`
 --> C:\Users\VIC\ferro-browser\target\debug\build\script_bindings-d3a89518d44c63f9\out/Bindings\CompressionStreamBinding.rs:9:9
  |
9 |     use super::*;
  |         ^^^^^^^^

warning: trait `consoleMethods` should have an upper camel case name
 --> C:\Users\VIC\ferro-browser\target\debug\build\script_bindings-d3a89518d44c63f9\out/Bindings\ConsoleBinding.rs:7:11
  |
7 | pub trait consoleMethods<D: DomTypes> {}
  |           ^^^^^^^^^^^^^^ help: convert the identifier to upper camel case (notice the capitalization): `ConsoleMethods`

warning: unused import: `super::*`
  --> C:\Users\VIC\ferro-browser\target\debug\build\script_bindings-d3a89518d44c63f9\out/Bindings\ConsoleBinding.rs:10:9
   |
10 |     use super::*;
   |         ^^^^^^^^

warning: unused import: `super::*`
 --> C:\Users\VIC\ferro-browser\target\debug\build\script_bindings-d3a89518d44c63f9\out/Bindings\CookieStoreBinding.rs:9:9
  |
9 |     use super::*;
  |         ^^^^^^^^

warning: unused import: `super::*`
  --> C:\Users\VIC\ferro-browser\target\debug\build\script_bindings-d3a89518d44c63f9\out/Bindings\CredentialBinding.rs:12:9
   |
12 |     use super::*;
   |         ^^^^^^^^

warning: unused import: `super::*`
  --> C:\Users\VIC\ferro-browser\target\debug\build\script_bindings-d3a89518d44c63f9\out/Bindings\CSSConditionRuleBinding.rs:12:9
   |
12 |     use super::*;
   |         ^^^^^^^^

warning: unused import: `super::*`
  --> C:\Users\VIC\ferro-browser\target\debug\build\script_bindings-d3a89518d44c63f9\out/Bindings\CSSGroupingRuleBinding.rs:12:9
   |
12 |     use super::*;
   |         ^^^^^^^^

warning: unused import: `super::*`
  --> C:\Users\VIC\ferro-browser\target\debug\build\script_bindings-d3a89518d44c63f9\out/Bindings\CSSImportRuleBinding.rs:12:9
   |
12 |     use super::*;
   |         ^^^^^^^^

warning: unused import: `super::*`
  --> C:\Users\VIC\ferro-browser\target\debug\build\script_bindings-d3a89518d44c63f9\out/Bindings\CSSKeyframeRuleBinding.rs:12:9
   |
12 |     use super::*;
   |         ^^^^^^^^

warning: unused import: `super::*`
  --> C:\Users\VIC\ferro-browser\target\debug\build\script_bindings-d3a89518d44c63f9\out/Bindings\CSSKeyframesRuleBinding.rs:12:9
   |
12 |     use super::*;
   |         ^^^^^^^^

warning: unused import: `super::*`
  --> C:\Users\VIC\ferro-browser\target\debug\build\script_bindings-d3a89518d44c63f9\out/Bindings\CSSLayerBlockRuleBinding.rs:12:9
   |
12 |     use super::*;
   |         ^^^^^^^^

warning: unused import: `super::*`
  --> C:\Users\VIC\ferro-browser\target\debug\build\script_bindings-d3a89518d44c63f9\out/Bindings\CSSLayerStatementRuleBinding.rs:12:9
   |
12 |     use super::*;
   |         ^^^^^^^^

warning: unused import: `super::*`
  --> C:\Users\VIC\ferro-browser\target\debug\build\script_bindings-d3a89518d44c63f9\out/Bindings\CSSMediaRuleBinding.rs:12:9
   |
12 |     use super::*;
   |         ^^^^^^^^

warning: unused import: `super::*`
  --> C:\Users\VIC\ferro-browser\target\debug\build\script_bindings-d3a89518d44c63f9\out/Bindings\CSSNamespaceRuleBinding.rs:12:9
   |
12 |     use super::*;
   |         ^^^^^^^^

warning: unused import: `super::*`
  --> C:\Users\VIC\ferro-browser\target\debug\build\script_bindings-d3a89518d44c63f9\out/Bindings\CSSNestedDeclarationsBinding.rs:12:9
   |
12 |     use super::*;
   |         ^^^^^^^^

warning: unused import: `super::*`
  --> C:\Users\VIC\ferro-browser\target\debug\build\script_bindings-d3a89518d44c63f9\out/Bindings\CSSStyleValueBinding.rs:12:9
   |
12 |     use super::*;
   |         ^^^^^^^^

warning: unused import: `super::*`
  --> C:\Users\VIC\ferro-browser\target\debug\build\script_bindings-d3a89518d44c63f9\out/Bindings\CustomElementRegistryBinding.rs:10:9
   |
10 |     use super::*;
   |         ^^^^^^^^

warning: unused import: `super::*`
  --> C:\Users\VIC\ferro-browser\target\debug\build\script_bindings-d3a89518d44c63f9\out/Bindings\DataTransferBinding.rs:12:9
   |
12 |     use super::*;
   |         ^^^^^^^^

warning: unused import: `super::*`
  --> C:\Users\VIC\ferro-browser\target\debug\build\script_bindings-d3a89518d44c63f9\out/Bindings\DataTransferItemBinding.rs:10:9
   |
10 |     use super::*;
   |         ^^^^^^^^

warning: unused import: `super::*`
  --> C:\Users\VIC\ferro-browser\target\debug\build\script_bindings-d3a89518d44c63f9\out/Bindings\DataTransferItemListBinding.rs:12:9
   |
12 |     use super::*;
   |         ^^^^^^^^

warning: unused import: `super::*`
 --> C:\Users\VIC\ferro-browser\target\debug\build\script_bindings-d3a89518d44c63f9\out/Bindings\DebuggerAddDebuggeeEventBinding.rs:9:9
  |
9 |     use super::*;
  |         ^^^^^^^^

warning: unused import: `super::*`
 --> C:\Users\VIC\ferro-browser\target\debug\build\script_bindings-d3a89518d44c63f9\out/Bindings\DebuggerGetPossibleBreakpointsEventBinding.rs:9:9
  |
9 |     use super::*;
  |         ^^^^^^^^

warning: unused import: `super::*`
  --> C:\Users\VIC\ferro-browser\target\debug\build\script_bindings-d3a89518d44c63f9\out/Bindings\DebuggerGlobalScopeBinding.rs:10:9
   |
10 |     use super::*;
   |         ^^^^^^^^

warning: unused import: `super::*`
  --> C:\Users\VIC\ferro-browser\target\debug\build\script_bindings-d3a89518d44c63f9\out/Bindings\DecompressionStreamBinding.rs:12:9
   |
12 |     use super::*;
   |         ^^^^^^^^

warning: unused import: `super::*`
  --> C:\Users\VIC\ferro-browser\target\debug\build\script_bindings-d3a89518d44c63f9\out/Bindings\DissimilarOriginLocationBinding.rs:12:9
   |
12 |     use super::*;
   |         ^^^^^^^^

warning: unused import: `super::*`
  --> C:\Users\VIC\ferro-browser\target\debug\build\script_bindings-d3a89518d44c63f9\out/Bindings\DissimilarOriginWindowBinding.rs:12:9
   |
12 |     use super::*;
   |         ^^^^^^^^

warning: unused import: `super::*`
  --> C:\Users\VIC\ferro-browser\target\debug\build\script_bindings-d3a89518d44c63f9\out/Bindings\DOMMatrixReadOnlyBinding.rs:12:9
   |
12 |     use super::*;
   |         ^^^^^^^^

warning: unused import: `super::*`
  --> C:\Users\VIC\ferro-browser\target\debug\build\script_bindings-d3a89518d44c63f9\out/Bindings\DOMPointReadOnlyBinding.rs:12:9
   |
12 |     use super::*;
   |         ^^^^^^^^

warning: unused import: `super::*`
  --> C:\Users\VIC\ferro-browser\target\debug\build\script_bindings-d3a89518d44c63f9\out/Bindings\DOMRectListBinding.rs:12:9
   |
12 |     use super::*;
   |         ^^^^^^^^

warning: unused import: `super::*`
 --> C:\Users\VIC\ferro-browser\target\debug\build\script_bindings-d3a89518d44c63f9\out/Bindings\DOMRectReadOnlyBinding.rs:9:9
  |
9 |     use super::*;
  |         ^^^^^^^^

warning: unused import: `super::*`
  --> C:\Users\VIC\ferro-browser\target\debug\build\script_bindings-d3a89518d44c63f9\out/Bindings\DOMStringMapBinding.rs:12:9
   |
12 |     use super::*;
   |         ^^^^^^^^

warning: unused import: `super::*`
  --> C:\Users\VIC\ferro-browser\target\debug\build\script_bindings-d3a89518d44c63f9\out/Bindings\DynamicModuleOwnerBinding.rs:12:9
   |
12 |     use super::*;
   |         ^^^^^^^^

warning: unused import: `super::*`
  --> C:\Users\VIC\ferro-browser\target\debug\build\script_bindings-d3a89518d44c63f9\out/Bindings\ElementInternalsBinding.rs:10:9
   |
10 |     use super::*;
   |         ^^^^^^^^

warning: unused import: `super::*`
  --> C:\Users\VIC\ferro-browser\target\debug\build\script_bindings-d3a89518d44c63f9\out/Bindings\EventHandlerBinding.rs:10:9
   |
10 |     use super::*;
   |         ^^^^^^^^

warning: unused import: `super::*`
  --> C:\Users\VIC\ferro-browser\target\debug\build\script_bindings-d3a89518d44c63f9\out/Bindings\EventListenerBinding.rs:10:9
   |
10 |     use super::*;
   |         ^^^^^^^^

warning: unused import: `super::*`
 --> C:\Users\VIC\ferro-browser\target\debug\build\script_bindings-d3a89518d44c63f9\out/Bindings\EventSourceBinding.rs:9:9
  |
9 |     use super::*;
  |         ^^^^^^^^

warning: unused import: `super::*`
 --> C:\Users\VIC\ferro-browser\target\debug\build\script_bindings-d3a89518d44c63f9\out/Bindings\ExtendableEventBinding.rs:9:9
  |
9 |     use super::*;
  |         ^^^^^^^^

warning: unused import: `super::*`
  --> C:\Users\VIC\ferro-browser\target\debug\build\script_bindings-d3a89518d44c63f9\out/Bindings\ExtendableMessageEventBinding.rs:12:9
   |
12 |     use super::*;
   |         ^^^^^^^^

warning: unused import: `super::*`
  --> C:\Users\VIC\ferro-browser\target\debug\build\script_bindings-d3a89518d44c63f9\out/Bindings\FetchLaterResultBinding.rs:12:9
   |
12 |     use super::*;
   |         ^^^^^^^^

warning: unused import: `super::*`
  --> C:\Users\VIC\ferro-browser\target\debug\build\script_bindings-d3a89518d44c63f9\out/Bindings\FileReaderSyncBinding.rs:12:9
   |
12 |     use super::*;
   |         ^^^^^^^^

warning: unused import: `super::*`
 --> C:\Users\VIC\ferro-browser\target\debug\build\script_bindings-d3a89518d44c63f9\out/Bindings\FontFaceBinding.rs:9:9
  |
9 |     use super::*;
  |         ^^^^^^^^

warning: unused import: `super::*`
  --> C:\Users\VIC\ferro-browser\target\debug\build\script_bindings-d3a89518d44c63f9\out/Bindings\FontFaceSetBinding.rs:12:9
   |
12 |     use super::*;
   |         ^^^^^^^^

warning: unused import: `super::*`
  --> C:\Users\VIC\ferro-browser\target\debug\build\script_bindings-d3a89518d44c63f9\out/Bindings\FormDataEventBinding.rs:12:9
   |
12 |     use super::*;
   |         ^^^^^^^^

warning: unused import: `super::*`
  --> C:\Users\VIC\ferro-browser\target\debug\build\script_bindings-d3a89518d44c63f9\out/Bindings\FunctionBinding.rs:10:9
   |
10 |     use super::*;
   |         ^^^^^^^^

warning: unused import: `super::*`
 --> C:\Users\VIC\ferro-browser\target\debug\build\script_bindings-d3a89518d44c63f9\out/Bindings\GamepadBinding.rs:9:9
  |
9 |     use super::*;
  |         ^^^^^^^^

warning: unused import: `super::*`
  --> C:\Users\VIC\ferro-browser\target\debug\build\script_bindings-d3a89518d44c63f9\out/Bindings\GamepadButtonBinding.rs:12:9
   |
12 |     use super::*;
   |         ^^^^^^^^

warning: unused import: `super::*`
  --> C:\Users\VIC\ferro-browser\target\debug\build\script_bindings-d3a89518d44c63f9\out/Bindings\GamepadButtonListBinding.rs:12:9
   |
12 |     use super::*;
   |         ^^^^^^^^

warning: unused import: `super::*`
  --> C:\Users\VIC\ferro-browser\target\debug\build\script_bindings-d3a89518d44c63f9\out/Bindings\GamepadEventBinding.rs:12:9
   |
12 |     use super::*;
   |         ^^^^^^^^

warning: unused import: `super::*`
 --> C:\Users\VIC\ferro-browser\target\debug\build\script_bindings-d3a89518d44c63f9\out/Bindings\GamepadHapticActuatorBinding.rs:9:9
  |
9 |     use super::*;
  |         ^^^^^^^^

warning: unused import: `super::*`
  --> C:\Users\VIC\ferro-browser\target\debug\build\script_bindings-d3a89518d44c63f9\out/Bindings\GamepadPoseBinding.rs:12:9
   |
12 |     use super::*;
   |         ^^^^^^^^

warning: unused import: `super::*`
  --> C:\Users\VIC\ferro-browser\target\debug\build\script_bindings-d3a89518d44c63f9\out/Bindings\GPUCanvasContextBinding.rs:12:9
   |
12 |     use super::*;
   |         ^^^^^^^^

warning: unused import: `super::*`
  --> C:\Users\VIC\ferro-browser\target\debug\build\script_bindings-d3a89518d44c63f9\out/Bindings\HTMLFormControlsCollectionBinding.rs:12:9
   |
12 |     use super::*;
   |         ^^^^^^^^

warning: unused import: `super::*`
  --> C:\Users\VIC\ferro-browser\target\debug\build\script_bindings-d3a89518d44c63f9\out/Bindings\HTMLOptionsCollectionBinding.rs:12:9
   |
12 |     use super::*;
   |         ^^^^^^^^

warning: unused import: `super::*`
 --> C:\Users\VIC\ferro-browser\target\debug\build\script_bindings-d3a89518d44c63f9\out/Bindings\HTMLOrSVGElementBinding.rs:9:9
  |
9 |     use super::*;
  |         ^^^^^^^^

warning: unused import: `super::*`
  --> C:\Users\VIC\ferro-browser\target\debug\build\script_bindings-d3a89518d44c63f9\out/Bindings\ImageBitmapBinding.rs:10:9
   |
10 |     use super::*;
   |         ^^^^^^^^

warning: unused import: `super::*`
  --> C:\Users\VIC\ferro-browser\target\debug\build\script_bindings-d3a89518d44c63f9\out/Bindings\ImageBitmapRenderingContextBinding.rs:12:9
   |
12 |     use super::*;
   |         ^^^^^^^^

warning: unused import: `super::*`
  --> C:\Users\VIC\ferro-browser\target\debug\build\script_bindings-d3a89518d44c63f9\out/Bindings\IDBCursorWithValueBinding.rs:12:9
   |
12 |     use super::*;
   |         ^^^^^^^^

warning: unused import: `super::*`
  --> C:\Users\VIC\ferro-browser\target\debug\build\script_bindings-d3a89518d44c63f9\out/Bindings\IDBFactoryBinding.rs:12:9
   |
12 |     use super::*;
   |         ^^^^^^^^

warning: unused import: `super::*`
  --> C:\Users\VIC\ferro-browser\target\debug\build\script_bindings-d3a89518d44c63f9\out/Bindings\IDBOpenDBRequestBinding.rs:12:9
   |
12 |     use super::*;
   |         ^^^^^^^^

warning: unused import: `super::*`
 --> C:\Users\VIC\ferro-browser\target\debug\build\script_bindings-d3a89518d44c63f9\out/Bindings\IDBVersionChangeEventBinding.rs:9:9
  |
9 |     use super::*;
  |         ^^^^^^^^

warning: unused import: `super::*`
 --> C:\Users\VIC\ferro-browser\target\debug\build\script_bindings-d3a89518d44c63f9\out/Bindings\IIRFilterNodeBinding.rs:9:9
  |
9 |     use super::*;
  |         ^^^^^^^^

warning: unused import: `super::*`
 --> C:\Users\VIC\ferro-browser\target\debug\build\script_bindings-d3a89518d44c63f9\out/Bindings\IntersectionObserverEntryBinding.rs:9:9
  |
9 |     use super::*;
  |         ^^^^^^^^

warning: unused import: `super::*`
  --> C:\Users\VIC\ferro-browser\target\debug\build\script_bindings-d3a89518d44c63f9\out/Bindings\LargestContentfulPaintBinding.rs:12:9
   |
12 |     use super::*;
   |         ^^^^^^^^

warning: unused import: `super::*`
 --> C:\Users\VIC\ferro-browser\target\debug\build\script_bindings-d3a89518d44c63f9\out/Bindings\MediaDeviceInfoBinding.rs:9:9
  |
9 |     use super::*;
  |         ^^^^^^^^

warning: unused import: `super::*`
 --> C:\Users\VIC\ferro-browser\target\debug\build\script_bindings-d3a89518d44c63f9\out/Bindings\MediaDevicesBinding.rs:9:9
  |
9 |     use super::*;
  |         ^^^^^^^^

warning: unused import: `super::*`
  --> C:\Users\VIC\ferro-browser\target\debug\build\script_bindings-d3a89518d44c63f9\out/Bindings\MediaElementAudioSourceNodeBinding.rs:10:9
   |
10 |     use super::*;
   |         ^^^^^^^^

warning: unused import: `super::*`
 --> C:\Users\VIC\ferro-browser\target\debug\build\script_bindings-d3a89518d44c63f9\out/Bindings\MediaErrorBinding.rs:9:9
  |
9 |     use super::*;
  |         ^^^^^^^^

warning: unused import: `super::*`
  --> C:\Users\VIC\ferro-browser\target\debug\build\script_bindings-d3a89518d44c63f9\out/Bindings\MediaListBinding.rs:12:9
   |
12 |     use super::*;
   |         ^^^^^^^^

warning: unused import: `super::*`
 --> C:\Users\VIC\ferro-browser\target\debug\build\script_bindings-d3a89518d44c63f9\out/Bindings\MediaMetadataBinding.rs:9:9
  |
9 |     use super::*;
  |         ^^^^^^^^

warning: unused import: `super::*`
  --> C:\Users\VIC\ferro-browser\target\debug\build\script_bindings-d3a89518d44c63f9\out/Bindings\MediaQueryListBinding.rs:12:9
   |
12 |     use super::*;
   |         ^^^^^^^^

warning: unused import: `super::*`
 --> C:\Users\VIC\ferro-browser\target\debug\build\script_bindings-d3a89518d44c63f9\out/Bindings\MediaQueryListEventBinding.rs:9:9
  |
9 |     use super::*;
  |         ^^^^^^^^

warning: unused import: `super::*`
  --> C:\Users\VIC\ferro-browser\target\debug\build\script_bindings-d3a89518d44c63f9\out/Bindings\MediaSessionBinding.rs:10:9
   |
10 |     use super::*;
   |         ^^^^^^^^

warning: unused import: `super::*`
  --> C:\Users\VIC\ferro-browser\target\debug\build\script_bindings-d3a89518d44c63f9\out/Bindings\MediaStreamAudioDestinationNodeBinding.rs:12:9
   |
12 |     use super::*;
   |         ^^^^^^^^

warning: unused import: `super::*`
  --> C:\Users\VIC\ferro-browser\target\debug\build\script_bindings-d3a89518d44c63f9\out/Bindings\MediaStreamAudioSourceNodeBinding.rs:10:9
   |
10 |     use super::*;
   |         ^^^^^^^^

warning: unused import: `super::*`
 --> C:\Users\VIC\ferro-browser\target\debug\build\script_bindings-d3a89518d44c63f9\out/Bindings\MediaStreamBinding.rs:9:9
  |
9 |     use super::*;
  |         ^^^^^^^^

warning: unused import: `super::*`
  --> C:\Users\VIC\ferro-browser\target\debug\build\script_bindings-d3a89518d44c63f9\out/Bindings\MediaStreamTrackAudioSourceNodeBinding.rs:10:9
   |
10 |     use super::*;
   |         ^^^^^^^^

warning: unused import: `super::*`
  --> C:\Users\VIC\ferro-browser\target\debug\build\script_bindings-d3a89518d44c63f9\out/Bindings\MediaStreamTrackBinding.rs:12:9
   |
12 |     use super::*;
   |         ^^^^^^^^

warning: unused import: `super::*`
  --> C:\Users\VIC\ferro-browser\target\debug\build\script_bindings-d3a89518d44c63f9\out/Bindings\MessageChannelBinding.rs:12:9
   |
12 |     use super::*;
   |         ^^^^^^^^

warning: unused import: `super::*`
  --> C:\Users\VIC\ferro-browser\target\debug\build\script_bindings-d3a89518d44c63f9\out/Bindings\MimeTypeArrayBinding.rs:12:9
   |
12 |     use super::*;
   |         ^^^^^^^^

warning: unused import: `super::*`
  --> C:\Users\VIC\ferro-browser\target\debug\build\script_bindings-d3a89518d44c63f9\out/Bindings\MimeTypeBinding.rs:12:9
   |
12 |     use super::*;
   |         ^^^^^^^^

warning: unused import: `super::*`
  --> C:\Users\VIC\ferro-browser\target\debug\build\script_bindings-d3a89518d44c63f9\out/Bindings\MutationRecordBinding.rs:12:9
   |
12 |     use super::*;
   |         ^^^^^^^^

warning: unused import: `super::*`
 --> C:\Users\VIC\ferro-browser\target\debug\build\script_bindings-d3a89518d44c63f9\out/Bindings\NavigationPreloadManagerBinding.rs:9:9
  |
9 |     use super::*;
  |         ^^^^^^^^

warning: unused import: `super::*`
  --> C:\Users\VIC\ferro-browser\target\debug\build\script_bindings-d3a89518d44c63f9\out/Bindings\NodeFilterBinding.rs:10:9
   |
10 |     use super::*;
   |         ^^^^^^^^

warning: unused import: `super::*`
  --> C:\Users\VIC\ferro-browser\target\debug\build\script_bindings-d3a89518d44c63f9\out/Bindings\NotificationBinding.rs:10:9
   |
10 |     use super::*;
   |         ^^^^^^^^

warning: unused import: `super::*`
 --> C:\Users\VIC\ferro-browser\target\debug\build\script_bindings-d3a89518d44c63f9\out/Bindings\OESStandardDerivativesBinding.rs:9:9
  |
9 |     use super::*;
  |         ^^^^^^^^

warning: unused import: `super::*`
 --> C:\Users\VIC\ferro-browser\target\debug\build\script_bindings-d3a89518d44c63f9\out/Bindings\OESTextureHalfFloatBinding.rs:9:9
  |
9 |     use super::*;
  |         ^^^^^^^^

warning: unused import: `super::*`
 --> C:\Users\VIC\ferro-browser\target\debug\build\script_bindings-d3a89518d44c63f9\out/Bindings\OESVertexArrayObjectBinding.rs:9:9
  |
9 |     use super::*;
  |         ^^^^^^^^

warning: unused import: `super::*`
 --> C:\Users\VIC\ferro-browser\target\debug\build\script_bindings-d3a89518d44c63f9\out/Bindings\OfflineAudioCompletionEventBinding.rs:9:9
  |
9 |     use super::*;
  |         ^^^^^^^^

warning: unused import: `super::*`
 --> C:\Users\VIC\ferro-browser\target\debug\build\script_bindings-d3a89518d44c63f9\out/Bindings\OfflineAudioContextBinding.rs:9:9
  |
9 |     use super::*;
  |         ^^^^^^^^

warning: unused import: `super::*`
  --> C:\Users\VIC\ferro-browser\target\debug\build\script_bindings-d3a89518d44c63f9\out/Bindings\OffscreenCanvasBinding.rs:10:9
   |
10 |     use super::*;
   |         ^^^^^^^^

warning: unused import: `super::*`
  --> C:\Users\VIC\ferro-browser\target\debug\build\script_bindings-d3a89518d44c63f9\out/Bindings\OffscreenCanvasRenderingContext2DBinding.rs:12:9
   |
12 |     use super::*;
   |         ^^^^^^^^

warning: unused import: `super::*`
  --> C:\Users\VIC\ferro-browser\target\debug\build\script_bindings-d3a89518d44c63f9\out/Bindings\PaintRenderingContext2DBinding.rs:12:9
   |
12 |     use super::*;
   |         ^^^^^^^^

warning: unused import: `super::*`
  --> C:\Users\VIC\ferro-browser\target\debug\build\script_bindings-d3a89518d44c63f9\out/Bindings\PaintSizeBinding.rs:12:9
   |
12 |     use super::*;
   |         ^^^^^^^^

warning: unused import: `super::*`
  --> C:\Users\VIC\ferro-browser\target\debug\build\script_bindings-d3a89518d44c63f9\out/Bindings\PaintWorkletGlobalScopeBinding.rs:12:9
   |
12 |     use super::*;
   |         ^^^^^^^^

warning: unused import: `super::*`
 --> C:\Users\VIC\ferro-browser\target\debug\build\script_bindings-d3a89518d44c63f9\out/Bindings\PannerNodeBinding.rs:9:9
  |
9 |     use super::*;
  |         ^^^^^^^^

warning: unused import: `super::*`
  --> C:\Users\VIC\ferro-browser\target\debug\build\script_bindings-d3a89518d44c63f9\out/Bindings\PerformanceMarkBinding.rs:12:9
   |
12 |     use super::*;
   |         ^^^^^^^^

warning: unused import: `super::*`
  --> C:\Users\VIC\ferro-browser\target\debug\build\script_bindings-d3a89518d44c63f9\out/Bindings\PerformanceMeasureBinding.rs:12:9
   |
12 |     use super::*;
   |         ^^^^^^^^

warning: unused import: `super::*`
 --> C:\Users\VIC\ferro-browser\target\debug\build\script_bindings-d3a89518d44c63f9\out/Bindings\PerformanceNavigationBinding.rs:9:9
  |
9 |     use super::*;
  |         ^^^^^^^^

warning: unused import: `super::*`
 --> C:\Users\VIC\ferro-browser\target\debug\build\script_bindings-d3a89518d44c63f9\out/Bindings\PerformanceNavigationTimingBinding.rs:9:9
  |
9 |     use super::*;
  |         ^^^^^^^^

warning: unused import: `super::*`
  --> C:\Users\VIC\ferro-browser\target\debug\build\script_bindings-d3a89518d44c63f9\out/Bindings\PerformanceObserverBinding.rs:10:9
   |
10 |     use super::*;
   |         ^^^^^^^^

warning: unused import: `super::*`
  --> C:\Users\VIC\ferro-browser\target\debug\build\script_bindings-d3a89518d44c63f9\out/Bindings\PerformanceObserverEntryListBinding.rs:12:9
   |
12 |     use super::*;
   |         ^^^^^^^^

warning: unused import: `super::*`
  --> C:\Users\VIC\ferro-browser\target\debug\build\script_bindings-d3a89518d44c63f9\out/Bindings\PerformanceResourceTimingBinding.rs:12:9
   |
12 |     use super::*;
   |         ^^^^^^^^

warning: unused import: `super::*`
  --> C:\Users\VIC\ferro-browser\target\debug\build\script_bindings-d3a89518d44c63f9\out/Bindings\PermissionsBinding.rs:12:9
   |
12 |     use super::*;
   |         ^^^^^^^^

warning: unused import: `super::*`
 --> C:\Users\VIC\ferro-browser\target\debug\build\script_bindings-d3a89518d44c63f9\out/Bindings\PermissionStatusBinding.rs:9:9
  |
9 |     use super::*;
  |         ^^^^^^^^

warning: unused import: `super::*`
  --> C:\Users\VIC\ferro-browser\target\debug\build\script_bindings-d3a89518d44c63f9\out/Bindings\PluginArrayBinding.rs:12:9
   |
12 |     use super::*;
   |         ^^^^^^^^

warning: unused import: `super::*`
  --> C:\Users\VIC\ferro-browser\target\debug\build\script_bindings-d3a89518d44c63f9\out/Bindings\PluginBinding.rs:12:9
   |
12 |     use super::*;
   |         ^^^^^^^^

warning: unused import: `super::*`
  --> C:\Users\VIC\ferro-browser\target\debug\build\script_bindings-d3a89518d44c63f9\out/Bindings\PromiseBinding.rs:10:9
   |
10 |     use super::*;
   |         ^^^^^^^^

warning: unused import: `super::*`
  --> C:\Users\VIC\ferro-browser\target\debug\build\script_bindings-d3a89518d44c63f9\out/Bindings\PromiseRejectionEventBinding.rs:12:9
   |
12 |     use super::*;
   |         ^^^^^^^^

warning: unused import: `super::*`
  --> C:\Users\VIC\ferro-browser\target\debug\build\script_bindings-d3a89518d44c63f9\out/Bindings\QueuingStrategyBinding.rs:11:9
   |
11 |     use super::*;
   |         ^^^^^^^^

warning: unused import: `super::*`
 --> C:\Users\VIC\ferro-browser\target\debug\build\script_bindings-d3a89518d44c63f9\out/Bindings\QuotaExceededErrorBinding.rs:9:9
  |
9 |     use super::*;
  |         ^^^^^^^^

warning: unused import: `super::*`
  --> C:\Users\VIC\ferro-browser\target\debug\build\script_bindings-d3a89518d44c63f9\out/Bindings\RadioNodeListBinding.rs:12:9
   |
12 |     use super::*;
   |         ^^^^^^^^

warning: unused import: `super::*`
  --> C:\Users\VIC\ferro-browser\target\debug\build\script_bindings-d3a89518d44c63f9\out/Bindings\ReadableByteStreamControllerBinding.rs:12:9
   |
12 |     use super::*;
   |         ^^^^^^^^

warning: unused import: `super::*`
  --> C:\Users\VIC\ferro-browser\target\debug\build\script_bindings-d3a89518d44c63f9\out/Bindings\ReadableStreamBinding.rs:10:9
   |
10 |     use super::*;
   |         ^^^^^^^^

warning: unused import: `super::*`
 --> C:\Users\VIC\ferro-browser\target\debug\build\script_bindings-d3a89518d44c63f9\out/Bindings\ReadableStreamBYOBReaderBinding.rs:9:9
  |
9 |     use super::*;
  |         ^^^^^^^^

warning: unused import: `super::*`
  --> C:\Users\VIC\ferro-browser\target\debug\build\script_bindings-d3a89518d44c63f9\out/Bindings\ReadableStreamBYOBRequestBinding.rs:12:9
   |
12 |     use super::*;
   |         ^^^^^^^^

warning: unused import: `super::*`
  --> C:\Users\VIC\ferro-browser\target\debug\build\script_bindings-d3a89518d44c63f9\out/Bindings\ReadableStreamDefaultControllerBinding.rs:12:9
   |
12 |     use super::*;
   |         ^^^^^^^^

warning: unused import: `super::*`
 --> C:\Users\VIC\ferro-browser\target\debug\build\script_bindings-d3a89518d44c63f9\out/Bindings\ReadableStreamDefaultReaderBinding.rs:9:9
  |
9 |     use super::*;
  |         ^^^^^^^^

warning: unused import: `super::*`
  --> C:\Users\VIC\ferro-browser\target\debug\build\script_bindings-d3a89518d44c63f9\out/Bindings\ReportingObserverBinding.rs:10:9
   |
10 |     use super::*;
   |         ^^^^^^^^

warning: unused import: `super::*`
  --> C:\Users\VIC\ferro-browser\target\debug\build\script_bindings-d3a89518d44c63f9\out/Bindings\ResizeObserverEntryBinding.rs:12:9
   |
12 |     use super::*;
   |         ^^^^^^^^

warning: unused import: `super::*`
  --> C:\Users\VIC\ferro-browser\target\debug\build\script_bindings-d3a89518d44c63f9\out/Bindings\ResizeObserverSizeBinding.rs:12:9
   |
12 |     use super::*;
   |         ^^^^^^^^

warning: unused import: `super::*`
 --> C:\Users\VIC\ferro-browser\target\debug\build\script_bindings-d3a89518d44c63f9\out/Bindings\RTCDataChannelBinding.rs:9:9
  |
9 |     use super::*;
  |         ^^^^^^^^

warning: unused import: `super::*`
 --> C:\Users\VIC\ferro-browser\target\debug\build\script_bindings-d3a89518d44c63f9\out/Bindings\RTCDataChannelEventBinding.rs:9:9
  |
9 |     use super::*;
  |         ^^^^^^^^

warning: unused import: `super::*`
 --> C:\Users\VIC\ferro-browser\target\debug\build\script_bindings-d3a89518d44c63f9\out/Bindings\RTCErrorBinding.rs:9:9
  |
9 |     use super::*;
  |         ^^^^^^^^

warning: unused import: `super::*`
 --> C:\Users\VIC\ferro-browser\target\debug\build\script_bindings-d3a89518d44c63f9\out/Bindings\RTCErrorEventBinding.rs:9:9
  |
9 |     use super::*;
  |         ^^^^^^^^

warning: unused import: `super::*`
 --> C:\Users\VIC\ferro-browser\target\debug\build\script_bindings-d3a89518d44c63f9\out/Bindings\RTCIceCandidateBinding.rs:9:9
  |
9 |     use super::*;
  |         ^^^^^^^^

warning: unused import: `std::marker::PhantomData`
 --> C:\Users\VIC\ferro-browser\target\debug\build\script_bindings-d3a89518d44c63f9\out/Bindings\RTCPeerConnectionBinding.rs:5:5
  |
5 | use std::marker::PhantomData;
  |     ^^^^^^^^^^^^^^^^^^^^^^^^

warning: unused import: `super::*`
  --> C:\Users\VIC\ferro-browser\target\debug\build\script_bindings-d3a89518d44c63f9\out/Bindings\RTCPeerConnectionBinding.rs:10:9
   |
10 |     use super::*;
   |         ^^^^^^^^

warning: unused import: `super::*`
 --> C:\Users\VIC\ferro-browser\target\debug\build\script_bindings-d3a89518d44c63f9\out/Bindings\RTCPeerConnectionIceEventBinding.rs:9:9
  |
9 |     use super::*;
  |         ^^^^^^^^

warning: unused import: `super::*`
 --> C:\Users\VIC\ferro-browser\target\debug\build\script_bindings-d3a89518d44c63f9\out/Bindings\RTCRtpSenderBinding.rs:9:9
  |
9 |     use super::*;
  |         ^^^^^^^^

warning: unused import: `super::*`
 --> C:\Users\VIC\ferro-browser\target\debug\build\script_bindings-d3a89518d44c63f9\out/Bindings\RTCRtpTransceiverBinding.rs:9:9
  |
9 |     use super::*;
  |         ^^^^^^^^

warning: unused import: `super::*`
 --> C:\Users\VIC\ferro-browser\target\debug\build\script_bindings-d3a89518d44c63f9\out/Bindings\RTCSessionDescriptionBinding.rs:9:9
  |
9 |     use super::*;
  |         ^^^^^^^^

warning: unused import: `super::*`
  --> C:\Users\VIC\ferro-browser\target\debug\build\script_bindings-d3a89518d44c63f9\out/Bindings\RTCTrackEventBinding.rs:12:9
   |
12 |     use super::*;
   |         ^^^^^^^^

warning: unused import: `super::*`
 --> C:\Users\VIC\ferro-browser\target\debug\build\script_bindings-d3a89518d44c63f9\out/Bindings\SecurityPolicyViolationEventBinding.rs:9:9
  |
9 |     use super::*;
  |         ^^^^^^^^

warning: unused import: `super::*`
  --> C:\Users\VIC\ferro-browser\target\debug\build\script_bindings-d3a89518d44c63f9\out/Bindings\ServoInternalsBinding.rs:12:9
   |
12 |     use super::*;
   |         ^^^^^^^^

warning: unused import: `super::*`
 --> C:\Users\VIC\ferro-browser\target\debug\build\script_bindings-d3a89518d44c63f9\out/Bindings\StaticRangeBinding.rs:9:9
  |
9 |     use super::*;
  |         ^^^^^^^^

warning: unused import: `super::*`
 --> C:\Users\VIC\ferro-browser\target\debug\build\script_bindings-d3a89518d44c63f9\out/Bindings\StereoPannerNodeBinding.rs:9:9
  |
9 |     use super::*;
  |         ^^^^^^^^

warning: unused import: `super::*`
  --> C:\Users\VIC\ferro-browser\target\debug\build\script_bindings-d3a89518d44c63f9\out/Bindings\StylePropertyMapReadOnlyBinding.rs:12:9
   |
12 |     use super::*;
   |         ^^^^^^^^

warning: unused import: `super::*`
  --> C:\Users\VIC\ferro-browser\target\debug\build\script_bindings-d3a89518d44c63f9\out/Bindings\SubmitEventBinding.rs:12:9
   |
12 |     use super::*;
   |         ^^^^^^^^

warning: unused import: `super::*`
 --> C:\Users\VIC\ferro-browser\target\debug\build\script_bindings-d3a89518d44c63f9\out/Bindings\TextDecoderBinding.rs:9:9
  |
9 |     use super::*;
  |         ^^^^^^^^

warning: unused import: `super::*`
  --> C:\Users\VIC\ferro-browser\target\debug\build\script_bindings-d3a89518d44c63f9\out/Bindings\TextDecoderStreamBinding.rs:12:9
   |
12 |     use super::*;
   |         ^^^^^^^^

warning: unused import: `super::*`
 --> C:\Users\VIC\ferro-browser\target\debug\build\script_bindings-d3a89518d44c63f9\out/Bindings\TextEncoderBinding.rs:9:9
  |
9 |     use super::*;
  |         ^^^^^^^^

warning: unused import: `super::*`
  --> C:\Users\VIC\ferro-browser\target\debug\build\script_bindings-d3a89518d44c63f9\out/Bindings\TextEncoderStreamBinding.rs:12:9
   |
12 |     use super::*;
   |         ^^^^^^^^

warning: unused import: `super::*`
 --> C:\Users\VIC\ferro-browser\target\debug\build\script_bindings-d3a89518d44c63f9\out/Bindings\TextTrackBinding.rs:9:9
  |
9 |     use super::*;
  |         ^^^^^^^^

warning: unused import: `super::*`
  --> C:\Users\VIC\ferro-browser\target\debug\build\script_bindings-d3a89518d44c63f9\out/Bindings\TextTrackCueBinding.rs:12:9
   |
12 |     use super::*;
   |         ^^^^^^^^

warning: unused import: `super::*`
  --> C:\Users\VIC\ferro-browser\target\debug\build\script_bindings-d3a89518d44c63f9\out/Bindings\TextTrackCueListBinding.rs:12:9
   |
12 |     use super::*;
   |         ^^^^^^^^

warning: unused import: `super::*`
  --> C:\Users\VIC\ferro-browser\target\debug\build\script_bindings-d3a89518d44c63f9\out/Bindings\TextTrackListBinding.rs:12:9
   |
12 |     use super::*;
   |         ^^^^^^^^

warning: unused import: `super::*`
  --> C:\Users\VIC\ferro-browser\target\debug\build\script_bindings-d3a89518d44c63f9\out/Bindings\TimeRangesBinding.rs:12:9
   |
12 |     use super::*;
   |         ^^^^^^^^

warning: unused import: `super::*`
  --> C:\Users\VIC\ferro-browser\target\debug\build\script_bindings-d3a89518d44c63f9\out/Bindings\ToggleEventBinding.rs:12:9
   |
12 |     use super::*;
   |         ^^^^^^^^

warning: unused import: `super::*`
  --> C:\Users\VIC\ferro-browser\target\debug\build\script_bindings-d3a89518d44c63f9\out/Bindings\TrackEventBinding.rs:12:9
   |
12 |     use super::*;
   |         ^^^^^^^^

warning: unused import: `super::*`
  --> C:\Users\VIC\ferro-browser\target\debug\build\script_bindings-d3a89518d44c63f9\out/Bindings\TransformerBinding.rs:10:9
   |
10 |     use super::*;
   |         ^^^^^^^^

warning: unused import: `super::*`
  --> C:\Users\VIC\ferro-browser\target\debug\build\script_bindings-d3a89518d44c63f9\out/Bindings\TransformStreamBinding.rs:12:9
   |
12 |     use super::*;
   |         ^^^^^^^^

warning: unused import: `super::*`
  --> C:\Users\VIC\ferro-browser\target\debug\build\script_bindings-d3a89518d44c63f9\out/Bindings\TransformStreamDefaultControllerBinding.rs:12:9
   |
12 |     use super::*;
   |         ^^^^^^^^

warning: unused import: `super::*`
  --> C:\Users\VIC\ferro-browser\target\debug\build\script_bindings-d3a89518d44c63f9\out/Bindings\TrustedHTMLBinding.rs:12:9
   |
12 |     use super::*;
   |         ^^^^^^^^

warning: unused import: `super::*`
  --> C:\Users\VIC\ferro-browser\target\debug\build\script_bindings-d3a89518d44c63f9\out/Bindings\TrustedScriptBinding.rs:12:9
   |
12 |     use super::*;
   |         ^^^^^^^^

warning: unused import: `super::*`
  --> C:\Users\VIC\ferro-browser\target\debug\build\script_bindings-d3a89518d44c63f9\out/Bindings\TrustedScriptURLBinding.rs:12:9
   |
12 |     use super::*;
   |         ^^^^^^^^

warning: unused import: `super::*`
  --> C:\Users\VIC\ferro-browser\target\debug\build\script_bindings-d3a89518d44c63f9\out/Bindings\TrustedTypePolicyBinding.rs:12:9
   |
12 |     use super::*;
   |         ^^^^^^^^

warning: unused import: `super::*`
  --> C:\Users\VIC\ferro-browser\target\debug\build\script_bindings-d3a89518d44c63f9\out/Bindings\TrustedTypePolicyFactoryBinding.rs:10:9
   |
10 |     use super::*;
   |         ^^^^^^^^

warning: unused import: `super::*`
  --> C:\Users\VIC\ferro-browser\target\debug\build\script_bindings-d3a89518d44c63f9\out/Bindings\UnderlyingSinkBinding.rs:10:9
   |
10 |     use super::*;
   |         ^^^^^^^^

warning: unused import: `super::*`
  --> C:\Users\VIC\ferro-browser\target\debug\build\script_bindings-d3a89518d44c63f9\out/Bindings\UnderlyingSourceBinding.rs:10:9
   |
10 |     use super::*;
   |         ^^^^^^^^

warning: unused import: `super::*`
  --> C:\Users\VIC\ferro-browser\target\debug\build\script_bindings-d3a89518d44c63f9\out/Bindings\ValidityStateBinding.rs:12:9
   |
12 |     use super::*;
   |         ^^^^^^^^

warning: unused import: `super::*`
  --> C:\Users\VIC\ferro-browser\target\debug\build\script_bindings-d3a89518d44c63f9\out/Bindings\VideoTrackBinding.rs:12:9
   |
12 |     use super::*;
   |         ^^^^^^^^

warning: unused import: `super::*`
  --> C:\Users\VIC\ferro-browser\target\debug\build\script_bindings-d3a89518d44c63f9\out/Bindings\VideoTrackListBinding.rs:12:9
   |
12 |     use super::*;
   |         ^^^^^^^^

warning: unused import: `super::*`
  --> C:\Users\VIC\ferro-browser\target\debug\build\script_bindings-d3a89518d44c63f9\out/Bindings\VisibilityStateEntryBinding.rs:12:9
   |
12 |     use super::*;
   |         ^^^^^^^^

warning: unused import: `super::*`
  --> C:\Users\VIC\ferro-browser\target\debug\build\script_bindings-d3a89518d44c63f9\out/Bindings\VoidFunctionBinding.rs:10:9
   |
10 |     use super::*;
   |         ^^^^^^^^

warning: unused import: `super::*`
 --> C:\Users\VIC\ferro-browser\target\debug\build\script_bindings-d3a89518d44c63f9\out/Bindings\VTTCueBinding.rs:9:9
  |
9 |     use super::*;
  |         ^^^^^^^^

warning: unused import: `super::*`
 --> C:\Users\VIC\ferro-browser\target\debug\build\script_bindings-d3a89518d44c63f9\out/Bindings\VTTRegionBinding.rs:9:9
  |
9 |     use super::*;
  |         ^^^^^^^^

warning: unused import: `super::*`
  --> C:\Users\VIC\ferro-browser\target\debug\build\script_bindings-d3a89518d44c63f9\out/Bindings\WebGLActiveInfoBinding.rs:12:9
   |
12 |     use super::*;
   |         ^^^^^^^^

warning: unused import: `super::*`
 --> C:\Users\VIC\ferro-browser\target\debug\build\script_bindings-d3a89518d44c63f9\out/Bindings\WEBGLColorBufferFloatBinding.rs:9:9
  |
9 |     use super::*;
  |         ^^^^^^^^

warning: unused import: `super::*`
 --> C:\Users\VIC\ferro-browser\target\debug\build\script_bindings-d3a89518d44c63f9\out/Bindings\WebGLContextEventBinding.rs:9:9
  |
9 |     use super::*;
  |         ^^^^^^^^

warning: unused import: `super::*`
  --> C:\Users\VIC\ferro-browser\target\debug\build\script_bindings-d3a89518d44c63f9\out/Bindings\WebGLObjectBinding.rs:12:9
   |
12 |     use super::*;
   |         ^^^^^^^^

warning: unused import: `super::*`
  --> C:\Users\VIC\ferro-browser\target\debug\build\script_bindings-d3a89518d44c63f9\out/Bindings\WebGLShaderPrecisionFormatBinding.rs:12:9
   |
12 |     use super::*;
   |         ^^^^^^^^

warning: unused import: `super::*`
  --> C:\Users\VIC\ferro-browser\target\debug\build\script_bindings-d3a89518d44c63f9\out/Bindings\WorkerLocationBinding.rs:12:9
   |
12 |     use super::*;
   |         ^^^^^^^^

warning: unused import: `super::*`
  --> C:\Users\VIC\ferro-browser\target\debug\build\script_bindings-d3a89518d44c63f9\out/Bindings\WorkerNavigatorBinding.rs:12:9
   |
12 |     use super::*;
   |         ^^^^^^^^

warning: unused import: `super::*`
 --> C:\Users\VIC\ferro-browser\target\debug\build\script_bindings-d3a89518d44c63f9\out/Bindings\WorkletBinding.rs:9:9
  |
9 |     use super::*;
  |         ^^^^^^^^

warning: unused import: `super::*`
  --> C:\Users\VIC\ferro-browser\target\debug\build\script_bindings-d3a89518d44c63f9\out/Bindings\WritableStreamBinding.rs:12:9
   |
12 |     use super::*;
   |         ^^^^^^^^

warning: unused import: `super::*`
  --> C:\Users\VIC\ferro-browser\target\debug\build\script_bindings-d3a89518d44c63f9\out/Bindings\WritableStreamDefaultControllerBinding.rs:12:9
   |
12 |     use super::*;
   |         ^^^^^^^^

warning: unused import: `super::*`
  --> C:\Users\VIC\ferro-browser\target\debug\build\script_bindings-d3a89518d44c63f9\out/Bindings\WritableStreamDefaultWriterBinding.rs:12:9
   |
12 |     use super::*;
   |         ^^^^^^^^

warning: unused import: `super::*`
  --> C:\Users\VIC\ferro-browser\target\debug\build\script_bindings-d3a89518d44c63f9\out/Bindings\XMLDocumentBinding.rs:12:9
   |
12 |     use super::*;
   |         ^^^^^^^^

warning: unused import: `super::*`
  --> C:\Users\VIC\ferro-browser\target\debug\build\script_bindings-d3a89518d44c63f9\out/Bindings\XMLSerializerBinding.rs:12:9
   |
12 |     use super::*;
   |         ^^^^^^^^

warning: unused import: `super::*`
  --> C:\Users\VIC\ferro-browser\target\debug\build\script_bindings-d3a89518d44c63f9\out/Bindings\XPathEvaluatorBinding.rs:12:9
   |
12 |     use super::*;
   |         ^^^^^^^^

warning: unused import: `super::*`
  --> C:\Users\VIC\ferro-browser\target\debug\build\script_bindings-d3a89518d44c63f9\out/Bindings\XPathNSResolverBinding.rs:10:9
   |
10 |     use super::*;
   |         ^^^^^^^^

warning: unused import: `super::*`
 --> C:\Users\VIC\ferro-browser\target\debug\build\script_bindings-d3a89518d44c63f9\out/Bindings\XPathResultBinding.rs:9:9
  |
9 |     use super::*;
  |         ^^^^^^^^

warning: unused import: `super::*`
  --> C:\Users\VIC\ferro-browser\target\debug\build\script_bindings-d3a89518d44c63f9\out/Bindings\AbstractRangeBinding.rs:12:9
   |
12 |     use super::*;
   |         ^^^^^^^^

warning: unused import: `super::*`
 --> C:\Users\VIC\ferro-browser\target\debug\build\script_bindings-d3a89518d44c63f9\out/Bindings\ANGLEInstancedArraysBinding.rs:9:9
  |
9 |     use super::*;
  |         ^^^^^^^^

warning: unused import: `super::*`
 --> C:\Users\VIC\ferro-browser\target\debug\build\script_bindings-d3a89518d44c63f9\out/Bindings\AudioBufferSourceNodeBinding.rs:9:9
  |
9 |     use super::*;
  |         ^^^^^^^^

warning: unused import: `super::*`
  --> C:\Users\VIC\ferro-browser\target\debug\build\script_bindings-d3a89518d44c63f9\out/Bindings\AudioDestinationNodeBinding.rs:12:9
   |
12 |     use super::*;
   |         ^^^^^^^^

warning: unused import: `super::*`
  --> C:\Users\VIC\ferro-browser\target\debug\build\script_bindings-d3a89518d44c63f9\out/Bindings\AudioListenerBinding.rs:12:9
   |
12 |     use super::*;
   |         ^^^^^^^^

warning: unused import: `super::*`
 --> C:\Users\VIC\ferro-browser\target\debug\build\script_bindings-d3a89518d44c63f9\out/Bindings\AudioParamBinding.rs:9:9
  |
9 |     use super::*;
  |         ^^^^^^^^

warning: unused import: `super::*`
  --> C:\Users\VIC\ferro-browser\target\debug\build\script_bindings-d3a89518d44c63f9\out/Bindings\AudioScheduledSourceNodeBinding.rs:12:9
   |
12 |     use super::*;
   |         ^^^^^^^^

warning: unused import: `super::*`
  --> C:\Users\VIC\ferro-browser\target\debug\build\script_bindings-d3a89518d44c63f9\out/Bindings\AudioTrackBinding.rs:12:9
   |
12 |     use super::*;
   |         ^^^^^^^^

warning: unused import: `super::*`
  --> C:\Users\VIC\ferro-browser\target\debug\build\script_bindings-d3a89518d44c63f9\out/Bindings\AudioTrackListBinding.rs:12:9
   |
12 |     use super::*;
   |         ^^^^^^^^

warning: unused import: `super::*`
  --> C:\Users\VIC\ferro-browser\target\debug\build\script_bindings-d3a89518d44c63f9\out/Bindings\BaseAudioContextBinding.rs:10:9
   |
10 |     use super::*;
   |         ^^^^^^^^

warning: unused import: `super::*`
 --> C:\Users\VIC\ferro-browser\target\debug\build\script_bindings-d3a89518d44c63f9\out/Bindings\BiquadFilterNodeBinding.rs:9:9
  |
9 |     use super::*;
  |         ^^^^^^^^

warning: unused import: `super::*`
 --> C:\Users\VIC\ferro-browser\target\debug\build\script_bindings-d3a89518d44c63f9\out/Bindings\ChannelMergerNodeBinding.rs:9:9
  |
9 |     use super::*;
  |         ^^^^^^^^

warning: unused import: `super::*`
 --> C:\Users\VIC\ferro-browser\target\debug\build\script_bindings-d3a89518d44c63f9\out/Bindings\ChannelSplitterNodeBinding.rs:9:9
  |
9 |     use super::*;
  |         ^^^^^^^^

warning: unused import: `super::*`
 --> C:\Users\VIC\ferro-browser\target\debug\build\script_bindings-d3a89518d44c63f9\out/Bindings\ConstantSourceNodeBinding.rs:9:9
  |
9 |     use super::*;
  |         ^^^^^^^^

warning: unused import: `super::*`
 --> C:\Users\VIC\ferro-browser\target\debug\build\script_bindings-d3a89518d44c63f9\out/Bindings\CSPViolationReportBodyBinding.rs:9:9
  |
9 |     use super::*;
  |         ^^^^^^^^

warning: unused import: `super::*`
 --> C:\Users\VIC\ferro-browser\target\debug\build\script_bindings-d3a89518d44c63f9\out/Bindings\EXTBlendMinmaxBinding.rs:9:9
  |
9 |     use super::*;
  |         ^^^^^^^^

warning: unused import: `super::*`
 --> C:\Users\VIC\ferro-browser\target\debug\build\script_bindings-d3a89518d44c63f9\out/Bindings\EXTColorBufferHalfFloatBinding.rs:9:9
  |
9 |     use super::*;
  |         ^^^^^^^^

warning: unused import: `super::*`
 --> C:\Users\VIC\ferro-browser\target\debug\build\script_bindings-d3a89518d44c63f9\out/Bindings\EXTTextureFilterAnisotropicBinding.rs:9:9
  |
9 |     use super::*;
  |         ^^^^^^^^

warning: unused import: `super::*`
  --> C:\Users\VIC\ferro-browser\target\debug\build\script_bindings-d3a89518d44c63f9\out/Bindings\XPathExpressionBinding.rs:12:9
   |
12 |     use super::*;
   |         ^^^^^^^^

warning: unused imports: `DomObject`, `MutDomObject`, and `Reflector`
   --> components\script_bindings\lib.rs:138:35
    |
138 | pub(crate) use crate::reflector::{DomObject, MutDomObject, Reflector};
    |                                   ^^^^^^^^^  ^^^^^^^^^^^^  ^^^^^^^^^

warning: unused import: `crate::trace::CustomTraceable`
   --> components\script_bindings\lib.rs:139:16
    |
139 | pub(crate) use crate::trace::CustomTraceable;
    |                ^^^^^^^^^^^^^^^^^^^^^^^^^^^^^

warning: variable does not need to be mutable
   --> components\script_bindings\conversions.rs:151:51
    |
151 |     unsafe fn to_jsval(&self, cx: *mut JSContext, mut rval: MutableHandleValue) {
    |                                                   ----^^^^
    |                                                   |
    |                                                   help: remove this `mut`
    |
    = note: `#[warn(unused_mut)]` (part of `#[warn(unused)]`) on by default

warning: variable does not need to be mutable
   --> components\script_bindings\conversions.rs:206:51
    |
206 |     unsafe fn to_jsval(&self, cx: *mut JSContext, mut rval: MutableHandleValue) {
    |                                                   ----^^^^
    |                                                   |
    |                                                   help: remove this `mut`

warning: unnecessary `unsafe` block
   --> components\script_bindings\domstring.rs:714:66
    |
714 |             DOMStringType::JSString(ref rooted_traceable_box) => unsafe {
    |                                                                  ^^^^^^ unnecessary `unsafe` block
    |
    = note: `#[warn(unused_unsafe)]` (part of `#[warn(unused)]`) on by default

warning: variable does not need to be mutable
   --> components\script_bindings\domstring.rs:708:51
    |
708 |     unsafe fn to_jsval(&self, cx: *mut JSContext, mut rval: MutableHandleValue) {
    |                                                   ----^^^^
    |                                                   |
    |                                                   help: remove this `mut`

warning: variable does not need to be mutable
   --> components\script_bindings\interface.rs:149:5
    |
149 |     mut rval: MutableHandleObject,
    |     ----^^^^
    |     |
    |     help: remove this `mut`

warning: variable does not need to be mutable
   --> components\script_bindings\interface.rs:244:5
    |
244 |     mut rval: MutableHandleObject,
    |     ----^^^^
    |     |
    |     help: remove this `mut`

warning: variable does not need to be mutable
   --> components\script_bindings\interface.rs:384:5
    |
384 |     mut rval: MutableHandleObject,
    |     ----^^^^
    |     |
    |     help: remove this `mut`

warning: unnecessary `unsafe` block
   --> components\script_bindings\interface.rs:511:17
    |
499 |     unsafe {
    |     ------ because it's nested under this `unsafe` block
...
511 |                 unsafe { TrueHandleValue() },
    |                 ^^^^^^ unnecessary `unsafe` block

warning: variable does not need to be mutable
   --> components\script_bindings\interface.rs:496:65
    |
496 | fn create_unscopable_object(cx: SafeJSContext, names: &[&CStr], mut rval: MutableHandleObject) {
    |                                                                 ----^^^^
    |                                                                 |
    |                                                                 help: remove this `mut`

warning: variable does not need to be mutable
   --> components\script_bindings\interface.rs:582:5
    |
582 |     mut rval: MutableHandleObject,
    |     ----^^^^
    |     |
    |     help: remove this `mut`

warning: variable does not need to be mutable
   --> components\script_bindings\proxyhandler.rs:178:56
    |
178 | pub(crate) fn get_expando_object(obj: RawHandleObject, mut expando: MutableHandleObject) {
    |                                                        ----^^^^^^^
    |                                                        |
    |                                                        help: remove this `mut`

warning: variable does not need to be mutable
   --> components\script_bindings\proxyhandler.rs:665:5
    |
665 |     mut proto: RawMutableHandleObject,
    |     ----^^^^^
    |     |
    |     help: remove this `mut`

warning: unused variable: `object`
  --> components\script_bindings\realms.rs:82:33
   |
82 | pub fn enter_realm<D: DomTypes>(object: &impl DomObject) -> JSAutoRealm {
   |                                 ^^^^^^ help: if this is intentional, prefix it with an underscore: `_object`
   |
   = note: `#[warn(unused_variables)]` (part of `#[warn(unused)]`) on by default

warning: variable does not need to be mutable
   --> components\script_bindings\record.rs:199:51
    |
199 |     unsafe fn to_jsval(&self, cx: *mut JSContext, mut rval: MutableHandleValue) {
    |                                                   ----^^^^
    |                                                   |
    |                                                   help: remove this `mut`

warning: unused variable: `id`
   --> components\script_bindings\utils.rs:647:5
    |
647 |     id: PropertyKey,
    |     ^^ help: if this is intentional, prefix it with an underscore: `_id`

warning: unused variable: `id`
  --> C:\Users\VIC\ferro-browser\target\debug\build\script_bindings-d3a89518d44c63f9\out/PrototypeList.rs:38:25
   |
38 | pub fn proto_id_to_name(id: u16) -> &'static str {
   |                         ^^
   |
help: if this is intentional, prefix it with an underscore
   |
38 | pub fn proto_id_to_name(_id: u16) -> &'static str {
   |                         +
help: you might have meant to pattern match on the similarly named constant `FILTER_SKIP`
   |
38 - pub fn proto_id_to_name(id: u16) -> &'static str {
38 + pub fn proto_id_to_name(codegen::GenericBindings::NodeFilterBinding::NodeFilterConstants::FILTER_SKIP: u16) -> &'static str {
   |

warning: struct `ConstantSpec` is never constructed
  --> components\script_bindings\constant.rs:19:12
   |
19 | pub struct ConstantSpec {
   |            ^^^^^^^^^^^^
   |
   = note: `#[warn(dead_code)]` (part of `#[warn(unused)]`) on by default

warning: method `get_value` is never used
  --> components\script_bindings\constant.rs:44:12
   |
42 | impl ConstantSpec {
   | ----------------- method in this implementation
43 |     /// Returns a `JSVal` that represents the value of this `ConstantSpec`.
44 |     pub fn get_value(&self) -> JSVal {
   |            ^^^^^^^^^

warning: function `define_constants` is never used
  --> components\script_bindings\constant.rs:57:8
   |
57 | pub fn define_constants(cx: JSContext, obj: HandleObject, constants: &[ConstantSpec]) {
   |        ^^^^^^^^^^^^^^^^

warning: function `call_default_constructor` is never used
  --> components\script_bindings\constructor.rs:16:22
   |
16 | pub(crate) unsafe fn call_default_constructor<D: crate::DomTypes>(
   |                      ^^^^^^^^^^^^^^^^^^^^^^^^

warning: function `do_finalize_global` is never used
  --> components\script_bindings\finalize.rs:20:11
   |
20 | unsafe fn do_finalize_global(obj: *mut JSObject) {
   |           ^^^^^^^^^^^^^^^^^^

warning: function `finalize_common` is never used
  --> components\script_bindings\finalize.rs:35:22
   |
35 | pub(crate) unsafe fn finalize_common<T>(this: *const T) {
   |                      ^^^^^^^^^^^^^^^

warning: function `finalize_global` is never used
  --> components\script_bindings\finalize.rs:46:22
   |
46 | pub(crate) unsafe fn finalize_global<T>(obj: *mut JSObject, this: *const T) {
   |                      ^^^^^^^^^^^^^^^

warning: function `finalize_weak_referenceable` is never used
  --> components\script_bindings\finalize.rs:56:22
   |
56 | pub(crate) unsafe fn finalize_weak_referenceable<T: WeakReferenceable>(
   |                      ^^^^^^^^^^^^^^^^^^^^^^^^^^^

warning: struct `Guard` is never constructed
  --> components\script_bindings\guard.rs:18:19
   |
18 | pub(crate) struct Guard<T: Clone + Copy> {
   |                   ^^^^^

warning: associated items `new` and `expose` are never used
  --> components\script_bindings\guard.rs:25:25
   |
23 | impl<T: Clone + Copy> Guard<T> {
   | ------------------------------ associated items in this implementation
24 |     /// Construct a new guarded value.
25 |     pub(crate) const fn new(conditions: &'static [Condition], value: T) -> Self {
   |                         ^^^
...
32 |     pub(crate) fn expose<D: DomTypes>(
   |                   ^^^^^^

warning: enum `Condition` is never used
  --> components\script_bindings\guard.rs:62:17
   |
62 | pub(crate) enum Condition {
   |                 ^^^^^^^^^

warning: function `is_secure_context` is never used
  --> components\script_bindings\guard.rs:83:4
   |
83 | fn is_secure_context<D: DomTypes>(_cx: JSContext) -> bool {
   |    ^^^^^^^^^^^^^^^^^

warning: method `is_satisfied` is never used
  --> components\script_bindings\guard.rs:88:19
   |
87 | impl Condition {
   | -------------- method in this implementation
88 |     pub(crate) fn is_satisfied<D: DomTypes>(
   |                   ^^^^^^^^^^^^

warning: struct `NonCallbackInterfaceObjectClass` is never constructed
  --> components\script_bindings\interface.rs:51:19
   |
51 | pub(crate) struct NonCallbackInterfaceObjectClass {
   |                   ^^^^^^^^^^^^^^^^^^^^^^^^^^^^^^^

warning: associated items `new` and `as_jsclass` are never used
  --> components\script_bindings\interface.rs:66:25
   |
64 | impl NonCallbackInterfaceObjectClass {
   | ------------------------------------ associated items in this implementation
65 |     /// Create a new `NonCallbackInterfaceObjectClass` structure.
66 |     pub(crate) const fn new(
   |                         ^^^
...
88 |     pub(crate) fn as_jsclass(&self) -> &JSClass {
   |                   ^^^^^^^^^^

warning: type alias `ConstructorClassHook` is never used
  --> components\script_bindings\interface.rs:94:17
   |
94 | pub(crate) type ConstructorClassHook =
   |                 ^^^^^^^^^^^^^^^^^^^^

warning: struct `InterfaceConstructorBehavior` is never constructed
  --> components\script_bindings\interface.rs:98:19
   |
98 | pub(crate) struct InterfaceConstructorBehavior(JSClassOps);
   |                   ^^^^^^^^^^^^^^^^^^^^^^^^^^^^

warning: associated functions `throw` and `call` are never used
   --> components\script_bindings\interface.rs:102:25
    |
100 | impl InterfaceConstructorBehavior {
    | --------------------------------- associated functions in this implementation
101 |     /// An interface constructor that unconditionally throws a type error.
102 |     pub(crate) const fn throw() -> Self {
    |                         ^^^^^
...
121 |     pub(crate) const fn call(hook: ConstructorClassHook) -> Self {
    |                         ^^^^

warning: type alias `TraceHook` is never used
   --> components\script_bindings\interface.rs:141:17
    |
141 | pub(crate) type TraceHook = unsafe extern "C" fn(trc: *mut JSTracer, obj: *mut JSObject);
    |                 ^^^^^^^^^

warning: function `create_global_object` is never used
   --> components\script_bindings\interface.rs:144:22
    |
144 | pub(crate) unsafe fn create_global_object<D: DomTypes>(
    |                      ^^^^^^^^^^^^^^^^^^^^

warning: function `select_compartment` is never used
   --> components\script_bindings\interface.rs:202:4
    |
202 | fn select_compartment(cx: SafeJSContext, options: &mut RealmOptions) {
    |    ^^^^^^^^^^^^^^^^^^

warning: function `create_callback_interface_object` is never used
   --> components\script_bindings\interface.rs:239:15
    |
239 | pub(crate) fn create_callback_interface_object<D: DomTypes>(
    |               ^^^^^^^^^^^^^^^^^^^^^^^^^^^^^^^^

warning: function `create_interface_prototype_object` is never used
   --> components\script_bindings\interface.rs:258:15
    |
258 | pub(crate) fn create_interface_prototype_object<D: DomTypes>(
    |               ^^^^^^^^^^^^^^^^^^^^^^^^^^^^^^^^^

warning: function `create_noncallback_interface_object` is never used
   --> components\script_bindings\interface.rs:303:15
    |
303 | pub(crate) fn create_noncallback_interface_object<D: DomTypes>(
    |               ^^^^^^^^^^^^^^^^^^^^^^^^^^^^^^^^^^^

warning: function `create_named_constructors` is never used
   --> components\script_bindings\interface.rs:346:15
    |
346 | pub(crate) fn create_named_constructors(
    |               ^^^^^^^^^^^^^^^^^^^^^^^^^

warning: function `create_object` is never used
   --> components\script_bindings\interface.rs:376:15
    |
376 | pub(crate) fn create_object<D: DomTypes>(
    |               ^^^^^^^^^^^^^

warning: function `define_guarded_constants` is never used
   --> components\script_bindings\interface.rs:396:15
    |
396 | pub(crate) fn define_guarded_constants<D: DomTypes>(
    |               ^^^^^^^^^^^^^^^^^^^^^^^^

warning: function `define_guarded_methods` is never used
   --> components\script_bindings\interface.rs:410:15
    |
410 | pub(crate) fn define_guarded_methods<D: DomTypes>(
    |               ^^^^^^^^^^^^^^^^^^^^^^

warning: function `define_guarded_properties` is never used
   --> components\script_bindings\interface.rs:426:15
    |
426 | pub(crate) fn define_guarded_properties<D: DomTypes>(
    |               ^^^^^^^^^^^^^^^^^^^^^^^^^

warning: function `is_exposed_in` is never used
   --> components\script_bindings\interface.rs:443:15
    |
443 | pub(crate) fn is_exposed_in(object: HandleObject, globals: Globals) -> bool {
    |               ^^^^^^^^^^^^^

warning: function `define_on_global_object` is never used
   --> components\script_bindings\interface.rs:453:15
    |
453 | pub(crate) fn define_on_global_object(
    |               ^^^^^^^^^^^^^^^^^^^^^^^

warning: constant `OBJECT_OPS` is never used
   --> components\script_bindings\interface.rs:470:7
    |
470 | const OBJECT_OPS: ObjectOps = ObjectOps {
    |       ^^^^^^^^^^

warning: function `fun_to_string_hook` is never used
   --> components\script_bindings\interface.rs:482:22
    |
482 | unsafe extern "C" fn fun_to_string_hook(
    |                      ^^^^^^^^^^^^^^^^^^

warning: function `create_unscopable_object` is never used
   --> components\script_bindings\interface.rs:496:4
    |
496 | fn create_unscopable_object(cx: SafeJSContext, names: &[&CStr], mut rval: MutableHandleObject) {
    |    ^^^^^^^^^^^^^^^^^^^^^^^^

warning: function `define_name` is never used
   --> components\script_bindings\interface.rs:518:4
    |
518 | fn define_name(cx: SafeJSContext, obj: HandleObject, name: &CStr) {
    |    ^^^^^^^^^^^

warning: function `define_length` is never used
   --> components\script_bindings\interface.rs:533:4
    |
533 | fn define_length(cx: SafeJSContext, obj: HandleObject, length: i32) {
    |    ^^^^^^^^^^^^^

warning: function `invalid_constructor` is never used
   --> components\script_bindings\interface.rs:545:22
    |
545 | unsafe extern "C" fn invalid_constructor(
    |                      ^^^^^^^^^^^^^^^^^^^

warning: function `non_new_constructor` is never used
   --> components\script_bindings\interface.rs:554:22
    |
554 | unsafe extern "C" fn non_new_constructor(
    |                      ^^^^^^^^^^^^^^^^^^^

warning: variant `Constructor` is never constructed
   --> components\script_bindings\interface.rs:565:5
    |
563 | pub(crate) enum ProtoOrIfaceIndex {
    |                 ----------------- variant in this enum
564 |     ID(PrototypeList::ID),
565 |     Constructor(PrototypeList::Constructor),
    |     ^^^^^^^^^^^

warning: function `define_dom_interface` is never used
   --> components\script_bindings\interface.rs:601:15
    |
601 | pub(crate) fn define_dom_interface(
    |               ^^^^^^^^^^^^^^^^^^^^

warning: enum `IteratorType` is never used
  --> components\script_bindings\iterable.rs:13:17
   |
13 | pub(crate) enum IteratorType {
   |                 ^^^^^^^^^^^^

warning: field `reflector` is never read
   --> components\script_bindings\iterable.rs:231:9
    |
230 |     pub struct IterableIterator<D: DomTypes, T> {
    |                ---------------- field in this struct
231 |         reflector: Reflector,
    |         ^^^^^^^^^

warning: struct `ThreadUnsafeOnceLock` is never constructed
  --> components\script_bindings\lock.rs:13:12
   |
13 | pub struct ThreadUnsafeOnceLock<T>(OnceLock<T>);
   |            ^^^^^^^^^^^^^^^^^^^^

warning: associated items `new`, `set`, and `get` are never used
  --> components\script_bindings\lock.rs:17:18
   |
15 | impl<T> ThreadUnsafeOnceLock<T> {
   | ------------------------------- associated items in this implementation
16 |     #[allow(clippy::new_without_default)]
17 |     pub const fn new() -> Self {
   |                  ^^^
...
22 |     pub fn set(&self, val: T) {
   |            ^^^
...
31 |     pub unsafe fn get(&self) -> &T {
   |                   ^^^

warning: function `malloc_size_of_including_raw_self` is never used
  --> components\script_bindings\mem.rs:15:22
   |
15 | pub(crate) unsafe fn malloc_size_of_including_raw_self<T: MallocSizeOf>(
   |                      ^^^^^^^^^^^^^^^^^^^^^^^^^^^^^^^^^

warning: struct `NamespaceObjectClass` is never constructed
  --> components\script_bindings\namespace.rs:21:19
   |
21 | pub(crate) struct NamespaceObjectClass(JSClass);
   |                   ^^^^^^^^^^^^^^^^^^^^

warning: associated function `new` is never used
  --> components\script_bindings\namespace.rs:27:32
   |
25 | impl NamespaceObjectClass {
   | ------------------------- associated function in this implementation
26 |     /// Create a new `NamespaceObjectClass` structure.
27 |     pub(crate) const unsafe fn new(name: &'static CStr) -> Self {
   |                                ^^^

warning: function `create_namespace_object` is never used
  --> components\script_bindings\namespace.rs:41:15
   |
41 | pub(crate) fn create_namespace_object<D: DomTypes>(
   |               ^^^^^^^^^^^^^^^^^^^^^^^

warning: function `define_property` is never used
  --> components\script_bindings\proxyhandler.rs:95:33
   |
95 | pub(crate) unsafe extern "C" fn define_property(
   |                                 ^^^^^^^^^^^^^^^

warning: function `delete` is never used
   --> components\script_bindings\proxyhandler.rs:112:33
    |
112 | pub(crate) unsafe extern "C" fn delete(
    |                                 ^^^^^^

warning: function `prevent_extensions` is never used
   --> components\script_bindings\proxyhandler.rs:132:33
    |
132 | pub(crate) unsafe extern "C" fn prevent_extensions(
    |                                 ^^^^^^^^^^^^^^^^^^

warning: function `is_extensible` is never used
   --> components\script_bindings\proxyhandler.rs:145:33
    |
145 | pub(crate) unsafe extern "C" fn is_extensible(
    |                                 ^^^^^^^^^^^^^

warning: function `get_prototype_if_ordinary` is never used
   --> components\script_bindings\proxyhandler.rs:166:33
    |
166 | pub(crate) unsafe extern "C" fn get_prototype_if_ordinary(
    |                                 ^^^^^^^^^^^^^^^^^^^^^^^^^

warning: function `ensure_expando_object` is never used
   --> components\script_bindings\proxyhandler.rs:196:22
    |
196 | pub(crate) unsafe fn ensure_expando_object(
    |                      ^^^^^^^^^^^^^^^^^^^^^

warning: function `id_to_source` is never used
   --> components\script_bindings\proxyhandler.rs:229:15
    |
229 | pub(crate) fn id_to_source(cx: SafeJSContext, id: RawHandleId) -> Option<DOMString> {
    |               ^^^^^^^^^^^^

warning: struct `CrossOriginProperties` is never constructed
   --> components\script_bindings\proxyhandler.rs:247:19
    |
247 | pub(crate) struct CrossOriginProperties {
    |                   ^^^^^^^^^^^^^^^^^^^^^

warning: method `keys` is never used
   --> components\script_bindings\proxyhandler.rs:254:8
    |
252 | impl CrossOriginProperties {
    | -------------------------- method in this implementation
253 |     /// Enumerate the property keys defined by `self`.
254 |     fn keys(&self) -> impl Iterator<Item = *const c_char> + '_ {
    |        ^^^^

warning: function `cross_origin_own_property_keys` is never used
   --> components\script_bindings\proxyhandler.rs:267:15
    |
267 | pub(crate) fn cross_origin_own_property_keys(
    |               ^^^^^^^^^^^^^^^^^^^^^^^^^^^^^^

warning: function `maybe_cross_origin_get_prototype_if_ordinary_rawcx` is never used
   --> components\script_bindings\proxyhandler.rs:293:33
    |
293 | pub(crate) unsafe extern "C" fn maybe_cross_origin_get_prototype_if_ordinary_rawcx(
    |                                 ^^^^^^^^^^^^^^^^^^^^^^^^^^^^^^^^^^^^^^^^^^^^^^^^^^

warning: function `maybe_cross_origin_set_prototype_rawcx` is never used
   --> components\script_bindings\proxyhandler.rs:311:33
    |
311 | pub(crate) unsafe extern "C" fn maybe_cross_origin_set_prototype_rawcx(
    |                                 ^^^^^^^^^^^^^^^^^^^^^^^^^^^^^^^^^^^^^^

warning: function `get_getter_object` is never used
   --> components\script_bindings\proxyhandler.rs:340:15
    |
340 | pub(crate) fn get_getter_object(d: &PropertyDescriptor, out: RawMutableHandleObject) {
    |               ^^^^^^^^^^^^^^^^^

warning: function `get_setter_object` is never used
   --> components\script_bindings\proxyhandler.rs:346:15
    |
346 | pub(crate) fn get_setter_object(d: &PropertyDescriptor, out: RawMutableHandleObject) {
    |               ^^^^^^^^^^^^^^^^^

warning: function `is_accessor_descriptor` is never used
   --> components\script_bindings\proxyhandler.rs:353:15
    |
353 | pub(crate) fn is_accessor_descriptor(d: &PropertyDescriptor) -> bool {
    |               ^^^^^^^^^^^^^^^^^^^^^^

warning: function `is_data_descriptor` is never used
   --> components\script_bindings\proxyhandler.rs:358:15
    |
358 | pub(crate) fn is_data_descriptor(d: &PropertyDescriptor) -> bool {
    |               ^^^^^^^^^^^^^^^^^^

warning: function `cross_origin_has_own` is never used
   --> components\script_bindings\proxyhandler.rs:370:22
    |
370 | pub(crate) unsafe fn cross_origin_has_own(
    |                      ^^^^^^^^^^^^^^^^^^^^

warning: function `cross_origin_get_own_property_helper` is never used
   --> components\script_bindings\proxyhandler.rs:396:15
    |
396 | pub(crate) fn cross_origin_get_own_property_helper(
    |               ^^^^^^^^^^^^^^^^^^^^^^^^^^^^^^^^^^^^

warning: constant `ALLOWLISTED_SYMBOL_CODES` is never used
   --> components\script_bindings\proxyhandler.rs:416:7
    |
416 | const ALLOWLISTED_SYMBOL_CODES: &[SymbolCode] = &[
    |       ^^^^^^^^^^^^^^^^^^^^^^^^

warning: function `is_cross_origin_allowlisted_prop` is never used
   --> components\script_bindings\proxyhandler.rs:422:15
    |
422 | pub(crate) fn is_cross_origin_allowlisted_prop(cx: SafeJSContext, id: RawHandleId) -> bool {
    |               ^^^^^^^^^^^^^^^^^^^^^^^^^^^^^^^^

warning: function `append_cross_origin_allowlisted_prop_keys` is never used
   --> components\script_bindings\proxyhandler.rs:442:4
    |
442 | fn append_cross_origin_allowlisted_prop_keys(cx: SafeJSContext, mut props: RawMutableHandleIdVector) {
    |    ^^^^^^^^^^^^^^^^^^^^^^^^^^^^^^^^^^^^^^^^^

warning: function `ensure_cross_origin_property_holder` is never used
   --> components\script_bindings\proxyhandler.rs:470:4
    |
470 | fn ensure_cross_origin_property_holder(
    |    ^^^^^^^^^^^^^^^^^^^^^^^^^^^^^^^^^^^

warning: function `report_cross_origin_denial` is never used
   --> components\script_bindings\proxyhandler.rs:549:15
    |
549 | pub(crate) fn report_cross_origin_denial<D: DomTypes>(
    |               ^^^^^^^^^^^^^^^^^^^^^^^^^^

warning: function `maybe_cross_origin_set_rawcx` is never used
   --> components\script_bindings\proxyhandler.rs:620:33
    |
620 | pub(crate) unsafe extern "C" fn maybe_cross_origin_set_rawcx<D: DomTypes>(
    |                                 ^^^^^^^^^^^^^^^^^^^^^^^^^^^^

warning: function `maybe_cross_origin_get_prototype` is never used
   --> components\script_bindings\proxyhandler.rs:661:15
    |
661 | pub(crate) fn maybe_cross_origin_get_prototype<D: DomTypes>(
    |               ^^^^^^^^^^^^^^^^^^^^^^^^^^^^^^^^

warning: function `cross_origin_get` is never used
   --> components\script_bindings\proxyhandler.rs:677:15
    |
677 | pub(crate) fn cross_origin_get<D: DomTypes>(
    |               ^^^^^^^^^^^^^^^^

warning: function `cross_origin_set` is never used
   --> components\script_bindings\proxyhandler.rs:749:22
    |
749 | pub(crate) unsafe fn cross_origin_set<D: DomTypes>(
    |                      ^^^^^^^^^^^^^^^^

warning: function `cross_origin_property_fallback` is never used
   --> components\script_bindings\proxyhandler.rs:819:15
    |
819 | pub(crate) fn cross_origin_property_fallback<D: DomTypes>(
    |               ^^^^^^^^^^^^^^^^^^^^^^^^^^^^^^

warning: struct `NoTrace` is never constructed
   --> components\script_bindings\trace.rs:403:19
    |
403 | pub(crate) struct NoTrace<T>(pub(crate) T);
    |                   ^^^^^^^

warning: constant `DOM_PROTO_UNFORGEABLE_HOLDER_SLOT` is never used
  --> components\script_bindings\utils.rs:90:18
   |
90 | pub(crate) const DOM_PROTO_UNFORGEABLE_HOLDER_SLOT: u32 = 0;
   |                  ^^^^^^^^^^^^^^^^^^^^^^^^^^^^^^^^^

warning: function `get_property_on_prototype` is never used
   --> components\script_bindings\utils.rs:125:22
    |
125 | pub(crate) unsafe fn get_property_on_prototype(
    |                      ^^^^^^^^^^^^^^^^^^^^^^^^^

warning: function `find_enum_value` is never used
   --> components\script_bindings\utils.rs:219:22
    |
219 | pub(crate) unsafe fn find_enum_value<'a, T>(
    |                      ^^^^^^^^^^^^^^^

warning: function `delete_property_by_id` is never used
   --> components\script_bindings\utils.rs:341:22
    |
341 | pub(crate) unsafe fn delete_property_by_id(
    |                      ^^^^^^^^^^^^^^^^^^^^^

warning: function `generic_call` is never used
   --> components\script_bindings\utils.rs:350:11
    |
350 | unsafe fn generic_call<const EXCEPTION_TO_REJECTION: bool>(
    |           ^^^^^^^^^^^^

warning: function `generic_method` is never used
   --> components\script_bindings\utils.rs:420:33
    |
420 | pub(crate) unsafe extern "C" fn generic_method<const EXCEPTION_TO_REJECTION: bool>(
    |                                 ^^^^^^^^^^^^^^

warning: function `generic_getter` is never used
   --> components\script_bindings\utils.rs:433:33
    |
433 | pub(crate) unsafe extern "C" fn generic_getter<const EXCEPTION_TO_REJECTION: bool>(
    |                                 ^^^^^^^^^^^^^^

warning: function `generic_lenient_getter` is never used
   --> components\script_bindings\utils.rs:446:33
    |
446 | pub(crate) unsafe extern "C" fn generic_lenient_getter<const EXCEPTION_TO_REJECTION: bool>(
    |                                 ^^^^^^^^^^^^^^^^^^^^^^

warning: function `call_setter` is never used
   --> components\script_bindings\utils.rs:454:22
    |
454 | unsafe extern "C" fn call_setter(
    |                      ^^^^^^^^^^^

warning: function `generic_setter` is never used
   --> components\script_bindings\utils.rs:474:33
    |
474 | pub(crate) unsafe extern "C" fn generic_setter(
    |                                 ^^^^^^^^^^^^^^

warning: function `generic_lenient_setter` is never used
   --> components\script_bindings\utils.rs:487:33
    |
487 | pub(crate) unsafe extern "C" fn generic_lenient_setter(
    |                                 ^^^^^^^^^^^^^^^^^^^^^^

warning: function `generic_static_promise_method` is never used
   --> components\script_bindings\utils.rs:500:33
    |
500 | pub(crate) unsafe extern "C" fn generic_static_promise_method(
    |                                 ^^^^^^^^^^^^^^^^^^^^^^^^^^^^^

warning: function `exception_to_promise` is never used
   --> components\script_bindings\utils.rs:524:22
    |
524 | pub(crate) unsafe fn exception_to_promise(
    |                      ^^^^^^^^^^^^^^^^^^^^

warning: function `trace_global` is never used
   --> components\script_bindings\utils.rs:551:22
    |
551 | pub(crate) unsafe fn trace_global(tracer: *mut JSTracer, obj: *mut JSObject) {
    |                      ^^^^^^^^^^^^

warning: trait `AsCCharPtrPtr` is never used
   --> components\script_bindings\utils.rs:575:18
    |
575 | pub(crate) trait AsCCharPtrPtr {
    |                  ^^^^^^^^^^^^^

warning: function `enumerate_global` is never used
   --> components\script_bindings\utils.rs:587:33
    |
587 | pub(crate) unsafe extern "C" fn enumerate_global(
    |                                 ^^^^^^^^^^^^^^^^

warning: function `enumerate_window` is never used
   --> components\script_bindings\utils.rs:633:33
    |
633 | pub(crate) unsafe extern "C" fn enumerate_window<D: DomTypes>(
    |                                 ^^^^^^^^^^^^^^^^

warning: function `may_resolve_global` is never used
   --> components\script_bindings\utils.rs:645:33
    |
645 | pub(crate) unsafe extern "C" fn may_resolve_global(
    |                                 ^^^^^^^^^^^^^^^^^^

warning: function `may_resolve_window` is never used
   --> components\script_bindings\utils.rs:680:33
    |
680 | pub(crate) unsafe extern "C" fn may_resolve_window<D: DomTypes>(
    |                                 ^^^^^^^^^^^^^^^^^^

warning: function `resolve_global` is never used
   --> components\script_bindings\utils.rs:689:33
    |
689 | pub(crate) unsafe extern "C" fn resolve_global(
    |                                 ^^^^^^^^^^^^^^

warning: function `resolve_window` is never used
   --> components\script_bindings\utils.rs:730:33
    |
730 | pub(crate) unsafe extern "C" fn resolve_window<D: DomTypes>(
    |                                 ^^^^^^^^^^^^^^

warning: function `latin1_bytes_from_id` is never used
   --> components\script_bindings\utils.rs:743:11
    |
743 | unsafe fn latin1_bytes_from_id(cx: *mut JSContext, id: jsid) -> Result<&'static [u8], ()> {
    |           ^^^^^^^^^^^^^^^^^^^^

warning: constant `FLOAT_MAT2x3` should have an upper case name
  --> C:\Users\VIC\ferro-browser\target\debug\build\script_bindings-d3a89518d44c63f9\out/Bindings\WebGL2RenderingContextBinding.rs:85:15
   |
85 |     pub const FLOAT_MAT2x3: u32 = 0x8B65;
   |               ^^^^^^^^^^^^ help: convert the identifier to upper case (notice the capitalization): `FLOAT_MAT2X3`
   |
   = note: `#[warn(non_upper_case_globals)]` (part of `#[warn(nonstandard_style)]`) on by default

warning: constant `FLOAT_MAT2x4` should have an upper case name
  --> C:\Users\VIC\ferro-browser\target\debug\build\script_bindings-d3a89518d44c63f9\out/Bindings\WebGL2RenderingContextBinding.rs:86:15
   |
86 |     pub const FLOAT_MAT2x4: u32 = 0x8B66;
   |               ^^^^^^^^^^^^ help: convert the identifier to upper case (notice the capitalization): `FLOAT_MAT2X4`

warning: constant `FLOAT_MAT3x2` should have an upper case name
  --> C:\Users\VIC\ferro-browser\target\debug\build\script_bindings-d3a89518d44c63f9\out/Bindings\WebGL2RenderingContextBinding.rs:87:15
   |
87 |     pub const FLOAT_MAT3x2: u32 = 0x8B67;
   |               ^^^^^^^^^^^^ help: convert the identifier to upper case (notice the capitalization): `FLOAT_MAT3X2`

warning: constant `FLOAT_MAT3x4` should have an upper case name
  --> C:\Users\VIC\ferro-browser\target\debug\build\script_bindings-d3a89518d44c63f9\out/Bindings\WebGL2RenderingContextBinding.rs:88:15
   |
88 |     pub const FLOAT_MAT3x4: u32 = 0x8B68;
   |               ^^^^^^^^^^^^ help: convert the identifier to upper case (notice the capitalization): `FLOAT_MAT3X4`

warning: constant `FLOAT_MAT4x2` should have an upper case name
  --> C:\Users\VIC\ferro-browser\target\debug\build\script_bindings-d3a89518d44c63f9\out/Bindings\WebGL2RenderingContextBinding.rs:89:15
   |
89 |     pub const FLOAT_MAT4x2: u32 = 0x8B69;
   |               ^^^^^^^^^^^^ help: convert the identifier to upper case (notice the capitalization): `FLOAT_MAT4X2`

warning: constant `FLOAT_MAT4x3` should have an upper case name
  --> C:\Users\VIC\ferro-browser\target\debug\build\script_bindings-d3a89518d44c63f9\out/Bindings\WebGL2RenderingContextBinding.rs:90:15
   |
90 |     pub const FLOAT_MAT4x3: u32 = 0x8B6A;
   |               ^^^^^^^^^^^^ help: convert the identifier to upper case (notice the capitalization): `FLOAT_MAT4X3`

warning: `script_bindings` (lib) generated 639 warnings (run `cargo fix --lib -p script_bindings` to apply 524 suggestions)
   Compiling script v0.0.1 (C:\Users\VIC\ferro-browser\components\script)
